accession	name	segment	date	host	country	abbreviation	virus	strain
DQ341362	SB12736-SAR-03		20XX-XX-XX	Unknown	N/a	Malaysia		SB12736-SAR-03
EU376005	26M/AUS/4/99		20XX-XX-XX	Unknown	N/a	Australia		26M/AUS/4/99
FJ607334	1/SHENZHEN/08/China/HFMD/2008		2008-05-XX	Human	2008-05	China		1/SHENZHEN/08/China/HFMD/2008
FJ607335	4/SHENZHEN/08/China/HFMD/2008		2008-05-XX	Human	2008-05	China		4/SHENZHEN/08/China/HFMD/2008
FJ713137	Shanghai 036-2009		20XX-XX-XX	Unknown	N/a			Shanghai036-2009
GQ231928	TW/2639/04		20XX-XX-XX	Human	N/a	Taiwan		TW/2639/04
GQ231943	TW/96022/08		20XX-XX-XX	Human	N/a	Taiwan		TW/96022/08
GQ994989	Chongqing1-09-China		2009-04-XX	Human	2009-04	China		Chongqing1-09-China
HM002486	BJ110		2008-05-30	Human	2008-05-30	China		BJ110
HM002487	BJ303		2008-07-31	Human	2008-07-31	China		BJ303
HQ423143	KM186/09		2009-05-XX	Human	2009-05	China		KM186/09
HQ647167	EV054_07		2007-07-XX	Human	2007-07	Canada		EV054_07
HQ647169	EV090_07		2007-08-XX	Human	2007-08	Canada		EV090_07
HQ647178	EV082_07		2007-08-XX	Human	2007-08	Canada		EV082_07
HQ850973	003/XM/2010		2010-XX-XX	Human	2010	China		003/XM/2010
HQ882182	FY0805		2008-05-12	Human	2008-05-12	China	C4	FY0805
HQ891925	Shanghai 36-2009		2009-XX-XX	Human	2009	China		Shanghai36-2009
HQ891928	Shanghai 117-2009		2009-XX-XX	Human	2009	China		Shanghai117-2009
JF820316	BJ01		2010-02-XX	Human	2010-02	China	C4	BJ01
JF830007	EV71/Ningbo.CHN/065/2010		2010-06-XX	Human	2010-06	China		EV71/Ningbo.CHN/065/2010
JF894382	MP9-2		2011-03-05	Human	2011-03-05	China		MP9-2
JN020147	Luoyang/2011		2011-04-XX	Human	2011-04	China		Luoyang/2011
JN052925	Nanyang/2011-China		2011-04-XX	Human	2011-04	China		Nanyang/2011-China
JN544418	4643-TW98		1998-04-27	Human	1998-04-27	China	C2	4643-TW98
JN864022	EV71/Ningbo.CHN/087/2009		2010-XX-XX	Human	2010	China	C4	EV71/Ningbo.CHN/087/2009
JN992284	BRU/2006/35334		20XX-XX-XX	Mouse	N/a	Brunei		BRU/2006/35334
JQ074188	EV71/Jinan1004		2010-07-XX	Human	2010-07	China		EV71/Jinan1004
JQ708209	BJ		2010-05-05	Human	2010-05-05	China		BJ
JQ965759	540V/VNM/05		20XX-XX-XX	Unknown	N/a	Viet Nam		540V/VNM/05
JX025561	FY7VP5/AH/CHN/2008		2008-XX-XX	Human	2008	China		FY7VP5/AH/CHN/2008
JX678875	FY17.08-4/AH/CHN/2008		2008-04-XX	Human	2008-04	China	C4	FY17.08-4/AH/CHN/2008
JX678884	SD09-21/SD/CHN/2009		2009-03-30	Human	2009-03-30	China	C4	SD09-21/SD/CHN/2009
JX678886	SH-6/SH/CHN/2002		2002-XX-XX	Human	2002	China	C4	SH-6/SH/CHN/2002
JX986738	Wuhan1117/HuB/CHN/2011		2011-XX-XX	Human	2011	China	C4	Wuhan1117/HuB/CHN/2011
KF306101	C2-NHRIEV95528-TW-Jun-25-12		2012-06-25	Human	2012-06-25	Taiwan	C2	C2-NHRIEV95528-TW-Jun-25-12
KF501389	EV71/wuhan/3018/2010		2010-XX-XX	Human	2010	China	A	EV71/wuhan/3018/2010
KF543271	SEP4		2012-06-17	Human	2012-06-17	Cambodia	C4	SEP4
KT354870	N1745-TW08		2011-07-01	Human	2011-07-01	Taiwan		N1745-TW08
KF974792	M988-TW12		2012-XX-XX	Human	2012	Taiwan		M988-TW12
KF974796	M957-TW12		2012-XX-XX	Human	2012	Taiwan		M957-TW12
KJ186973	C4a-70365-TW-2010		2010-06-02	Human	2010-06-02	Taiwan	C4a	C4a-70365-TW-2010
KJ632499	wenzhou227		2011-XX-XX	Human	2011	China		wenzhou227
KJ686129	EV71/Homo sapiens/VNM/150/2012		2012-05-24	Human	2012-05-24	Viet Nam		EV71/Homosapiens/VNM/150/2012
KJ686138	EV71/Homo sapiens/VNM/117/2012		2012-04-12	Human	2012-04-12	Viet Nam		EV71/Homosapiens/VNM/117/2012
KJ686139	EV71/Homo sapiens/VNM/43/2012		2012-01-01	Human	2012-01-01	Viet Nam		EV71/Homosapiens/VNM/43/2012
KJ686173	EV71/Homo sapiens/VNM/19/2011		2011-10-21	Human	2011-10-21	Viet Nam		EV71/Homosapiens/VNM/19/2011
KJ686177	EV71/Homo sapiens/VNM/2/2011		2011-08-30	Human	2011-08-30	Viet Nam		EV71/Homosapiens/VNM/2/2011
KJ686197	EV71/Homo sapiens/VNM/64/2012		2012-02-13	Human	2012-02-13	Viet Nam		EV71/Homosapiens/VNM/64/2012
KJ686207	EV71/Homo sapiens/VNM/237/2011		2011-12-04	Human	2011-12-04	Viet Nam		EV71/Homosapiens/VNM/237/2011
KJ686212	EV71/Homo sapiens/VNM/3/2011		2011-09-15	Human	2011-09-15	Viet Nam		EV71/Homosapiens/VNM/3/2011
KJ686216	EV71/Homo sapiens/VNM/142/2012		2012-05-09	Human	2012-05-09	Viet Nam		EV71/Homosapiens/VNM/142/2012
KJ686237	EV71/Homo sapiens/VNM/212/2011		2011-11-05	Human	2011-11-05	Viet Nam		EV71/Homosapiens/VNM/212/2011
KJ686244	EV71/Homo sapiens/VNM/73/2012		2012-02-26	Human	2012-02-26	Viet Nam		EV71/Homosapiens/VNM/73/2012
KJ686248	EV71/Homo sapiens/VNM/127/2012		2012-04-21	Human	2012-04-21	Viet Nam		EV71/Homosapiens/VNM/127/2012
KJ686257	EV71/Homo sapiens/VNM/222/2011		2011-11-22	Human	2011-11-22	Viet Nam		EV71/Homosapiens/VNM/222/2011
KJ686265	EV71/Homo sapiens/VNM/24/2011		2011-10-25	Human	2011-10-25	Viet Nam		EV71/Homosapiens/VNM/24/2011
KJ686267	EV71/Homo sapiens/VNM/119/2012		2012-04-12	Human	2012-04-12	Viet Nam		EV71/Homosapiens/VNM/119/2012
KJ686276	EV71/Homo sapiens/VNM/22/2011		2011-10-24	Human	2011-10-24	Viet Nam		EV71/Homosapiens/VNM/22/2011
KJ686278	EV71/Homo sapiens/VNM/209/2011		2011-10-26	Human	2011-10-26	Viet Nam		EV71/Homosapiens/VNM/209/2011
KJ686282	EV71/Homo sapiens/VNM/130/2012		2012-04-24	Human	2012-04-24	Viet Nam		EV71/Homosapiens/VNM/130/2012
KJ686305	EV71/Homo sapiens/VNM/63/2012		2012-02-07	Human	2012-02-07	Viet Nam		EV71/Homosapiens/VNM/63/2012
KP289419	EV71/P1034/2013/China		2013-XX-XX	Human	2013	China		EV71/P1034/2013/China
KP308404	EV71/Homo sapiens/KHM/309/2012		2012-11-07	Human	2012-11-07	Cambodia		EV71/Homosapiens/KHM/309/2012
KP308427	EV71/Homo sapiens/KHM/312/2012		2012-12-06	Human	2012-12-06	Cambodia		EV71/Homosapiens/KHM/312/2012
KP308430	EV71/Homo sapiens/KHM/280/2012		2012-08-07	Human	2012-08-07	Cambodia		EV71/Homosapiens/KHM/280/2012
KP308445	EV71/Homo sapiens/KHM/330/2012		2012-07-12	Human	2012-07-12	Cambodia		EV71/Homosapiens/KHM/330/2012
KP308453	EV71/Homo sapiens/KHM/268/2012		2012-07-24	Human	2012-07-24	Cambodia		EV71/Homosapiens/KHM/268/2012
KP691645	02-1-055		2013-10-06	Unknown	2013-10-06	Viet Nam		02-1-055
KP691652	02-0-060		2013-10-16	Unknown	2013-10-16	Viet Nam		02-0-060
KP691655	02-0-083		2013-11-13	Unknown	2013-11-13	Viet Nam		02-0-083
KP691658	02-0-090		2013-11-25	Unknown	2013-11-25	Viet Nam		02-0-090
KR045300	THA_A1083		2013-03-28	Human	2013-03-28	Thailand	B5	THA_A1083
KT428644	EV71/SZ04/CHN/2014		2014-03-XX	Human	2014-03	China		EV71/SZ04/CHN/2014
KU159434	C4-ND-114_Vietnam:CaMau_2012-04-15		2012-04-15	Human	2012-04-15	Viet Nam	C4	C4-ND-114_Vietnam_CaMau_2012-04-15
KU641503	45894/BE/DE 2015		2015-07-XX	Human	2015-07	Germany	A71	45894/BE/DE2015
KU641508	46411/NW/DE 2015		2015-10-XX	Human	2015-10	Germany	A71	46411/NW/DE2015
KU647000	CQ2014-86		2014-04-02	Human	2014-04-02	China	A71	CQ2014-86
KX197459	HFM072		2012-07-15	Human	2012-07-15	Cambodia	C4a	HFM072
KX197460	HFM088		2012-07-17	Human	2012-07-17	Cambodia	C4a	HFM088
KX430817	EVA71/Homosapiens/VNM/12.1/2013		2013-XX-XX	Human	2013	Viet Nam	EV-A71	EVA71/Homosapiens/VNM/12.1/2013
KX430823	EVA71/Homosapiens/VNM/15.1/2014		2014-XX-XX	Human	2014	Viet Nam	EV-A71	EVA71/Homosapiens/VNM/15.1/2014
KX430824	EVA71/Homosapiens/VNM/15.2/2014		2014-XX-XX	Human	2014	Viet Nam	EV-A71	EVA71/Homosapiens/VNM/15.2/2014
LC626880	N826-Sendai-2003		2003-XX-XX	Human	2003	Japan		N826-Sendai-2003
LC626884	K493-Sendai-2003		2003-XX-XX	Human	2003	Japan		K493-Sendai-2003
LC626886	K399-Sendai-2003		2003-XX-XX	Human	2003	Japan		K399-Sendai-2003
LC626892	2779-Yamagata-2002		2002-XX-XX	Human	2002	Japan		2779-Yamagata-2002
LC626895	2317-Yamagata-2006		2006-XX-XX	Human	2006	Japan		2317-Yamagata-2006
LC627072	15NHP108		2015-XX-XX	Human	2015	Viet Nam		15NHP108
LC627086	16NHP379		2016-XX-XX	Human	2016	Viet Nam		16NHP379
LC627090	16NHP442		2016-XX-XX	Human	2016	Viet Nam		16NHP442
MT708802	2019-EV-A71-R480		2019-XX-XX	Human	2019	China		2019-EV-A71-R480
MW030642	EV-A71/2019/FR/0622		2019-07-XX	Human	2019-07	France	A71	EV-A71/2019/FR/0622
AB747374	Nagoya		20XX-XX-XX	Unknown	N/a	Japan		Nagoya
AB575912	10857		1966-XX-XX	Unknown	1966	Netherlands		10857
AB575918	20574		1978-XX-XX	Unknown	1978	Netherlands		20574
AF304457	Tainan/5746/98		20XX-XX-XX	Unknown	N/a			Tainan/5746/98
AF304459	Tainan/6092/98		20XX-XX-XX	Unknown	N/a			Tainan/6092/98
DQ381846	6F/AUS/6/99		20XX-XX-XX	Unknown	N/a	Australia		6F/AUS/6/99
EU414335	PLday1-CH-06		20XX-XX-XX	Unknown	N/a	Switzerland		PLday1-CH-06
EU527985	2007-08747		2007-XX-XX	Unknown	2007	Taiwan		2007-08747
EU703812	EV71/Fuyang.Anhui.P.R.C/17.08/1		2008-04-XX	Human	2008-04	China		EV71/Fuyang.Anhui.P.R.C/17.08/1
EU753384	522-04T/SD/CHN/07		2007-05-22	Human	2007-05-22	China		522-04T/SD/CHN/07
FJ357378	N2838-TW03		2003-XX-XX	Human	2003	Taiwan		N2838-TW03
FJ360544	GZ-08-01		2008-05-XX	Human	2008-05	China		GZ-08-01
GQ231927	TW/2429/04		20XX-XX-XX	Human	N/a	Taiwan		TW/2429/04
GQ231933	TW/70516/08		20XX-XX-XX	Human	N/a	Taiwan		TW/70516/08
GQ231940	TW/72232/04		20XX-XX-XX	Human	N/a	Taiwan		TW/72232/04
GU198367	FY08-C30-P2		2008-05-XX	Human	2008-05	China		FY08-C30-P2
GU396280	EV71/Lanzhou01		2009-XX-XX	Human	2009	China	C	EV71/Lanzhou01
HM053669	BJ293		2008-07-28	Human	2008-07-28	China		BJ293
GU350629	Fuyang-0805a		20XX-XX-XX	Human	N/a	China		Fuyang-0805a
HQ647170	EV124_07		2007-10-XX	Human	2007-10	Canada		EV124_07
HQ891926	Shanghai 51-2009		2009-XX-XX	Human	2009	China		Shanghai51-2009
HQ891927	Shanghai 64-2009		2009-XX-XX	Human	2009	China		Shanghai64-2009
HQ891929	Shanghai 118-2009		2009-XX-XX	Human	2009	China		Shanghai118-2009
HQ998852	EV71/Henan/106/2009		2009-XX-XX	Human	2009	China		EV71/Henan/106/2009
JN256062	M183-1176F/HeN/CHN/2009		20XX-XX-XX	Human	N/a	China	C4a	M183-1176F/HeN/CHN/2009
JN992285	0964/SYD/98		20XX-XX-XX	Human	N/a	Australia		0964/SYD/98
JQ514785	BC08		2008-08-XX	Human	2008-08	China	C	BC08
JQ639383	HN1360/HN/CHN/2011		2011-XX-XX	Human	2011	China		HN1360/HN/CHN/2011
JQ639384	HN318/HN/CHN/2011		2011-03-11	Human	2011-03-11	China		HN318/HN/CHN/2011
JQ736684	SHAPHC695F/SH/CHN/10		2010-06-29	Human	2010-06-29	China	C4a	SHAPHC695F/SH/CHN/10
JQ804832	EV71/Hubei-XF/CHN/2010		2010-09-01	Human	2010-09-01	China	C4	EV71/Hubei-XF/CHN/2010
JQ950555	26M/AUS/4/99/GuaR1		2010-09-13	Human	2010-09-13	Australia	B3	26M/AUS/4/99/GuaR1
JX111890	GD-DG2011-3		2011-04-19	Human	2011-04-19	China	C4	GD-DG2011-3
JX111892	GD-DG2011-8		2011-05-08	Human	2011-05-08	China	C4	GD-DG2011-8
JX244185	SDLY96		2009-XX-XX	Human	2009	China		SDLY96
KU936129	SHAPHC5427/SH/CHN/14		2014-06-02	Human	2014-06-02	China	C4a	SHAPHC5427/SH/CHN/14
KX372310	SiICRC08/TH/2011		2011-08-10	Human	2011-08-10	Thailand		SiICRC08/TH/2011
KX372312	SiICRC15/TH/2011		2011-08-10	Human	2011-08-10	Thailand		SiICRC15/TH/2011
KX372322	SiICRC11/TH/2012		2012-10-01	Human	2012-10-01	Thailand		SiICRC11/TH/2012
KX372326	SiICRC04/TH/2013		2013-02-05	Human	2013-02-05	Thailand		SiICRC04/TH/2013
KX372327	SiICRC05/TH/2013		2013-11-01	Human	2013-11-01	Thailand		SiICRC05/TH/2013
KY074643	HP		2008-XX-XX	Human	2008	China	C4	HP
KY888026	USA/2016/19522		2016-XX-XX	Human	2016	USA		USA/2016/19522
LR027534	12	PMB263109	FRA16		N/a	Unknown		12
LR027541	2005-1480	NLD05	20XX-XX-XX		Unknown			2005-1480
LT719065	MAD-72341-04		2004-XX-XX	Human	2004	Madagascar		MAD-72341-04
LT719068	CAF-RS2-NMA-008-03		2003-XX-XX	Human	2003	Central African Republic		CAF-RS2-NMA-008-03
MF362981	GZ203KL21/GD/CHN/2010		2010-05-XX	Unknown	2010-05	China		GZ203KL21/GD/CHN/2010
MF662685	R642/YN/CHN/2010		2010-07-02	Human	2010-07-02	China		R642/YN/CHN/2010
MF662686	R993/YN/CHN/2010		2010-09-05	Human	2010-09-05	China		R993/YN/CHN/2010
MF662694	RW15/YN/CHN/2012		2012-06-14	Human	2012-06-14	China		RW15/YN/CHN/2012
MF662698	K14/YN/CHN/2013		2013-09-26	Human	2013-09-26	China		K14/YN/CHN/2013
MG367593	DK07-03		2007-06-XX	Human	2007-06	Denmark	C	DK07-03
MG367595	DK14-03		2014-11-XX	Human	2014-11	Denmark	C	DK14-03
MG367596	DK16-02		2016-02-XX	Human	2016-02	Denmark	C	DK16-02
MG672479	GIN-13-365		20XX-XX-XX	Unknown	N/a	Guinea	A71	GIN-13-365
MG672480	SEN-14-157		20XX-XX-XX	Unknown	N/a	Senegal	A71	SEN-14-157
MG756711	TW-71680-2008		2008-XX-XX	Human	2008	Taiwan		TW-71680-2008
MG756713	TW-72219-2008		2008-XX-XX	Human	2008	Taiwan		TW-72219-2008
MG756717	TW-01709-2010		2010-XX-XX	Human	2010	Taiwan		TW-01709-2010
MG756723	TW-71650-2011		2011-XX-XX	Human	2011	Taiwan		TW-71650-2011
MG756725	TW-00184-2012		2012-XX-XX	Human	2012	Taiwan		TW-00184-2012
MG756740	TW-02572-2012		2012-XX-XX	Human	2012	Taiwan		TW-02572-2012
MG756746	TW-50601-2012		2012-XX-XX	Human	2012	Taiwan		TW-50601-2012
MG756747	TW-50681-2012		2012-XX-XX	Human	2012	Taiwan		TW-50681-2012
MG756748	TW-50878-2012		2012-XX-XX	Human	2012	Taiwan		TW-50878-2012
MG773125	Huainan201404		2014-XX-XX	Human	2014	China		Huainan201404
MH484070	16F		2016-XX-XX	Human	2016	Spain		16F
MH511189	100-p35-T1		2017-08-10	Unknown	2017-08-10	China	C4	100-p35-T1
MH511198	101-p17-T2		2017-08-10	Unknown	2017-08-10	China	C4	101-p17-T2
MH716253	C4-6		2014-10-06	Human	2014-10-06	Viet Nam	C4	C4-6
MH716255	C4-8		2015-01-16	Human	2015-01-16	Viet Nam	C4	C4-8
MH716256	C4-9		2017-01-15	Human	2017-01-15	Viet Nam	C4	C4-9
MH716278	B5-21		2014-11-17	Human	2014-11-17	Viet Nam	B5	B5-21
MH716280	B5-23		2014-11-27	Human	2014-11-27	Viet Nam	B5	B5-23
MH716288	B5-31		2014-09-11	Human	2014-09-11	Viet Nam	B5	B5-31
MH716290	B5-33		2014-08-08	Human	2014-08-08	Viet Nam	B5	B5-33
MH716297	B5-40		2013-10-28	Human	2013-10-28	Viet Nam	B5	B5-40
MH716302	B5-45		2013-11-06	Human	2013-11-06	Viet Nam	B5	B5-45
MH716305	B5-48		2014-07-28	Human	2014-07-28	Viet Nam	B5	B5-48
MH716319	B5-62		2014-12-03	Human	2014-12-03	Viet Nam	B5	B5-62
MH716325	B5-68		2014-12-19	Human	2014-12-19	Viet Nam	B5	B5-68
MH716329	B5-72		2014-06-11	Human	2014-06-11	Viet Nam	B5	B5-72
MH716333	B5-76		2013-11-21	Human	2013-11-21	Viet Nam	B5	B5-76
MH716337	B5-80		2014-10-24	Human	2014-10-24	Viet Nam	B5	B5-80
MH716350	B5-93		2014-12-12	Human	2014-12-12	Viet Nam	B5	B5-93
MH716356	B5-99		2014-10-25	Human	2014-10-25	Viet Nam	B5	B5-99
MH716359	B5-102		2015-03-27	Human	2015-03-27	Viet Nam	B5	B5-102
MH716364	B5-107		2013-11-25	Human	2013-11-25	Viet Nam	B5	B5-107
MH716366	B5-109		2014-10-15	Human	2014-10-15	Viet Nam	B5	B5-109
MH716382	B5-125		2014-01-06	Human	2014-01-06	Viet Nam	B5	B5-125
MH716386	B5-129		2013-09-16	Human	2013-09-16	Viet Nam	B5	B5-129
MK344771	J098-EV-A71-WS-YN-2014		2014-06-XX	Human	2014-06	China	A71	J098-EV-A71-WS-YN-2014
MN053432	SB6-760-3		2006-XX-XX	Human	2006	Malaysia	B5	SB6-760-3
MN053434	6-684-4		2006-XX-XX	Human	2006	Malaysia	B5	6-684-4
MN515037	16L		2016-XX-XX	Human	2016	Spain		16L
MN966516	R118/YN/CHN/2016		2016-03-30	Human	2016-03-30	China	A71	R118/YN/CHN/2016
MT081374	USA/2018-23297		2018-XX-XX	Human	2018	USA		USA/2018-23297
MT241238	TLLeC5		2013-XX-XX	Unknown	2013	Singapore		TLLeC5
MT360987	F9		2008-XX-XX	Unknown	2008	Taiwan	B5	F9
MT360992	No.2		2008-XX-XX	Unknown	2008	Taiwan	B5	No.2
MT360994	No.9		2008-XX-XX	Unknown	2008	Taiwan	B5	No.9
AB575915	9443		1974-XX-XX	Unknown	1974	Netherlands		9443
AB575936	9612		1991-XX-XX	Unknown	1991	Netherlands		9612
DQ341355	06-KOR-00		20XX-XX-XX	Unknown	N/a	South Korea		06-KOR-00
DQ341358	S40221-SAR-00		20XX-XX-XX	Unknown	N/a	Malaysia		S40221-SAR-00
DQ341364	5511-SIN-00		20XX-XX-XX	Unknown	N/a	Singapore		5511-SIN-00
JN864024	EV71/Ningbo.CHN/107/2009		2010-XX-XX	Human	2010	China	C4	EV71/Ningbo.CHN/107/2009
JQ086366	EV71/Ningbo.CHN/061/2011		2011-XX-XX	Human	2011	China	C4	EV71/Ningbo.CHN/061/2011
JX678882	SD07-1/SD/CHN/2007		2007-XX-XX	Human	2007	China	C4	SD07-1/SD/CHN/2007
KC296443	HCM82-VNM-2011		2011-05-03	Human	2011-05-03	Viet Nam		HCM82-VNM-2011
KC296444	HCM84-VNM-2011		2011-05-03	Human	2011-05-03	Viet Nam		HCM84-VNM-2011
KC296445	HCM120-VNM-2011		2011-05-20	Human	2011-05-20	Viet Nam		HCM120-VNM-2011
KF514878	BS		20XX-XX-XX	Unknown	N/a			BS
KF974797	M1089-TW12		2012-XX-XX	Human	2012	Taiwan		M1089-TW12
KJ686130	EV71/Homo sapiens/VNM/80/2012		2012-03-01	Human	2012-03-01	Viet Nam		EV71/Homosapiens/VNM/80/2012
KJ686132	EV71/Homo sapiens/VNM/122/2012		2012-04-17	Human	2012-04-17	Viet Nam		EV71/Homosapiens/VNM/122/2012
KJ686143	EV71/Homo sapiens/VNM/249/2011		2011-12-23	Human	2011-12-23	Viet Nam		EV71/Homosapiens/VNM/249/2011
KJ686146	EV71/Homo sapiens/VNM/132/2012		2012-04-25	Human	2012-04-25	Viet Nam		EV71/Homosapiens/VNM/132/2012
KJ686159	EV71/Homo sapiens/VNM/175/2012		2012-11-02	Human	2012-11-02	Viet Nam		EV71/Homosapiens/VNM/175/2012
KJ686162	EV71/Homo sapiens/VNM/105/2012		2012-03-29	Human	2012-03-29	Viet Nam		EV71/Homosapiens/VNM/105/2012
KJ686178	EV71/Homo sapiens/VNM/17/2011		2011-10-19	Human	2011-10-19	Viet Nam		EV71/Homosapiens/VNM/17/2011
KJ686180	EV71/Homo sapiens/VNM/97/2012		2012-03-20	Human	2012-03-20	Viet Nam		EV71/Homosapiens/VNM/97/2012
KJ686186	EV71/Homo sapiens/VNM/40/2011		2011-12-24	Human	2011-12-24	Viet Nam		EV71/Homosapiens/VNM/40/2011
KJ686191	EV71/Homo sapiens/VNM/5/2011		2011-09-26	Human	2011-09-26	Viet Nam		EV71/Homosapiens/VNM/5/2011
KJ686201	EV71/Homo sapiens/VNM/162/2012		2012-07-21	Human	2012-07-21	Viet Nam		EV71/Homosapiens/VNM/162/2012
KJ686202	EV71/Homo sapiens/VNM/96/2012		2012-03-19	Human	2012-03-19	Viet Nam		EV71/Homosapiens/VNM/96/2012
KJ686208	EV71/Homo sapiens/VNM/202/2011		2011-10-14	Human	2011-10-14	Viet Nam		EV71/Homosapiens/VNM/202/2011
KJ686217	EV71/Homo sapiens/VNM/26/2011		2011-10-29	Human	2011-10-29	Viet Nam		EV71/Homosapiens/VNM/26/2011
KJ686218	EV71/Homo sapiens/VNM/218/2011		2011-11-14	Human	2011-11-14	Viet Nam		EV71/Homosapiens/VNM/218/2011
KJ686220	EV71/Homo sapiens/VNM/128/2012		2012-04-22	Human	2012-04-22	Viet Nam		EV71/Homosapiens/VNM/128/2012
KJ686221	EV71/Homo sapiens/VNM/27/2011		2011-11-10	Human	2011-11-10	Viet Nam		EV71/Homosapiens/VNM/27/2011
KJ686227	EV71/Homo sapiens/VNM/28/2011		2011-11-14	Human	2011-11-14	Viet Nam		EV71/Homosapiens/VNM/28/2011
KJ686235	EV71/Homo sapiens/VNM/98/2012		2012-03-22	Human	2012-03-22	Viet Nam		EV71/Homosapiens/VNM/98/2012
KJ686247	EV71/Homo sapiens/VNM/238/2011		2011-12-05	Human	2011-12-05	Viet Nam		EV71/Homosapiens/VNM/238/2011
KJ686259	EV71/Homo sapiens/VNM/58/2012		2012-02-04	Human	2012-02-04	Viet Nam		EV71/Homosapiens/VNM/58/2012
KJ686270	EV71/Homo sapiens/VNM/171/2012		2012-10-23	Human	2012-10-23	Viet Nam		EV71/Homosapiens/VNM/171/2012
KJ686271	EV71/Homo sapiens/VNM/156/2012		2012-06-15	Human	2012-06-15	Viet Nam		EV71/Homosapiens/VNM/156/2012
KJ686290	EV71/Homo sapiens/VNM/211/2011		2011-11-04	Human	2011-11-04	Viet Nam		EV71/Homosapiens/VNM/211/2011
KJ686300	EV71/Homo sapiens/VNM/151/2012		2012-05-25	Human	2012-05-25	Viet Nam		EV71/Homosapiens/VNM/151/2012
KM211580	Puyang-461-2012		2012-XX-XX	Human	2012	China		Puyang-461-2012
KP289428	EV71/P63/2013/China		2013-XX-XX	Human	2013	China		EV71/P63/2013/China
KP308437	EV71/Homo sapiens/KHM/293/2012		2012-08-20	Human	2012-08-20	Cambodia		EV71/Homosapiens/KHM/293/2012
KP308449	EV71/Homo sapiens/KHM/378/2012		2012-07-16	Human	2012-07-16	Cambodia		EV71/Homosapiens/KHM/378/2012
KP691648	02-1-043		2013-09-18	Unknown	2013-09-18	Viet Nam		02-1-043
KP691659	02-0-065		2013-10-21	Unknown	2013-10-21	Viet Nam		02-0-065
KP691661	02-1-065		2013-10-25	Unknown	2013-10-25	Viet Nam		02-1-065
KR045296	THA_A761		2012-07-20	Human	2012-07-20	Thailand	B5	THA_A761
KT428649	EV71/SZ50/CHN/2014		2014-06-XX	Human	2014-06	China		EV71/SZ50/CHN/2014
KU159436	C4-ND-150_Vietnam:DongThap_2012-07-05		2012-07-05	Human	2012-07-05	Viet Nam	C4	C4-ND-150_Vietnam_DongThap_2012-07-05
KX139462	Jena 15-984		2015-07-29	Human	2015-07-29	Germany		Jena15-984
KX430822	EVA71/Homosapiens/VNM/14.2/2012		2012-XX-XX	Human	2012	Viet Nam	EV-A71	EVA71/Homosapiens/VNM/14.2/2012
LC626876	N380-Sendai-2012		2012-XX-XX	Human	2012	Japan		N380-Sendai-2012
LC626887	K398-Sendai-2006		2006-XX-XX	Human	2006	Japan		K398-Sendai-2006
LC626891	452-Yamagata-2003		2003-XX-XX	Human	2003	Japan		452-Yamagata-2003
LC626900	2000-Yamagata-2012		2012-XX-XX	Unknown	2012	Japan		2000-Yamagata-2012
LC627073	15NHP120		2015-XX-XX	Human	2015	Viet Nam		15NHP120
LC627079	16NHP399		2016-XX-XX	Human	2016	Viet Nam		16NHP399
LC627082	16NHP453		2016-XX-XX	Human	2016	Viet Nam		16NHP453
MT708800	2019-EV-A71-R400		2019-XX-XX	Human	2019	China		2019-EV-A71-R400
MT708801	2019-EV-A71-R477		2019-XX-XX	Human	2019	China		2019-EV-A71-R477
MT708804	2019-EV-A71-R405		2019-XX-XX	Human	2019	China		2019-EV-A71-R405
AB469182	SK-EV006/Malaysia/97		20XX-XX-XX	Unknown	N/a	Malaysia		SK-EV006/Malaysia/97
AB550337	C7/Osaka-LPS1		20XX-XX-XX	Unknown	N/a	Japan		C7/Osaka-LPS1
AB575914	17000		1971-XX-XX	Unknown	1971	Netherlands		17000
AB575917	10196		1977-XX-XX	Unknown	1977	Netherlands		10196
AF176044	1245a/98/tw		20XX-XX-XX	Unknown	N/a	Taiwan		1245a/98/tw
DQ452074	804/NO/03		2003-XX-XX	Unknown	2003	Norway		804/NO/03
EF063152	E2005125-TW		20XX-XX-XX	Unknown	N/a	Taiwan		E2005125-TW
EU414331	LR-CH-06		20XX-XX-XX	Unknown	N/a	Switzerland		LR-CH-06
EU753398	523-07T/SD/CHN/07		2007-05-23	Human	2007-05-23	China		523-07T/SD/CHN/07
EU753407	TC03F/SD/CHN/07		2007-05-20	Human	2007-05-20	China		TC03F/SD/CHN/07
FJ172159	NUH0075/SIN/08		2008-05-30	Human	2008-05-30	Singapore	EV71	NUH0075/SIN/08
FJ357376	S0318-TW01		2001-XX-XX	Human	2001	Taiwan		S0318-TW01
FJ357382	238-TW86		1986-XX-XX	Human	1986	Taiwan		238-TW86
FJ357383	252-TW86		1986-XX-XX	Human	1986	Taiwan		252-TW86
FJ606448	BJ08-Z011-4		2008-07-XX	Human	2008-07	China		BJ08-Z011-4
GQ231926	TW/1956/05		20XX-XX-XX	Human	N/a	Taiwan		TW/1956/05
GQ231929	TW/2728/04		20XX-XX-XX	Human	N/a	Taiwan		TW/2728/04
GQ231930	TW/2815/04		20XX-XX-XX	Human	N/a	Taiwan		TW/2815/04
GQ231931	TW/2824/04		20XX-XX-XX	Human	N/a	Taiwan		TW/2824/04
GQ892830	GX/LZ 08-04/08/CHN		2008-04-XX	Human	2008-04	China		GX/LZ08-04/08/CHN
GU198370	C2/FY08-C30		2008-05-XX	Human	2008-05	China		C2/FY08-C30
HM002489	BJ398		2009-05-05	Human	2009-05-05	China		BJ398
HM053670	BJ393		2009-04-30	Human	2009-04-30	China		BJ393
HQ407557	LN009		2010-XX-XX	Human	2010	China		LN009
HQ647175	EV053_07		2007-07-XX	Human	2007-07	Canada		EV053_07
JN256059	G288-927F/HeN/CHN/2009		20XX-XX-XX	Human	N/a	China	C4a	G288-927F/HeN/CHN/2009
JN544419	MP4		2004-01-01	Mouse	2004-01-01	China	C2	MP4
JX111893	GD-DG2011-9		2011-06-23	Human	2011-06-23	China	C4	GD-DG2011-9
JX244183	SDLY11		2009-XX-XX	Human	2009	China		SDLY11
KT354867	N1745-TW08/VP1-E145Q		2011-07-01	Human	2011-07-01	Taiwan		N1745-TW08/VP1-E145Q
KT354872	N7008-TW99/VP1-E98K+Q145E		2011-07-01	Human	2011-07-01	Taiwan		N7008-TW99/VP1-E98K+Q145E
KU936120	SHAPHC5218/SH/CHN/14		2014-03-10	Human	2014-03-10	China	C4a	SHAPHC5218/SH/CHN/14
KU936124	SHAPHC5287/SH/CHN/14		2014-04-01	Human	2014-04-01	China	C4a	SHAPHC5287/SH/CHN/14
KU936125	SHAPHC5307/SH/CHN/14		2014-04-11	Human	2014-04-11	China	C4a	SHAPHC5307/SH/CHN/14
KU936131	SHAPHC5432/SH/CHN/14		2014-05-31	Human	2014-05-31	China	C4a	SHAPHC5432/SH/CHN/14
KX197464	SEP024		2012-07-07	Human	2012-07-07	Cambodia	C4a	SEP024
KX372313	SiICRC16/TH/2011		2011-06-17	Human	2011-06-17	Thailand		SiICRC16/TH/2011
KX372316	SiICRC03/TH/2012		2012-10-02	Human	2012-10-02	Thailand		SiICRC03/TH/2012
KY612315	2015g03		2015-01-XX	Unknown	2015-01	China		2015g03
LC321993	31170202		2017-XX-XX	Human	2017	Japan		31170202
LC375764	SI/Isehara/Japan/99		1999-XX-XX	Human	1999	Japan		SI/Isehara/Japan/99
LC375765	C7/Osaka/Japan/97		1997-XX-XX	Human	1997	Japan		C7/Osaka/Japan/97
LC626877	N384-Sendai-2012		2012-XX-XX	Human	2012	Japan		N384-Sendai-2012
LC626890	56-Yamagata-2007		2007-XX-XX	Human	2007	Japan		56-Yamagata-2007
LC626901	N377-Sendai-2012		2012-XX-XX	Human	2012	Japan		N377-Sendai-2012
LC627066	15NHP105		2015-XX-XX	Human	2015	Viet Nam		15NHP105
LC627078	16NHP373		2016-XX-XX	Human	2016	Viet Nam		16NHP373
LC627084	16NHP462		2016-XX-XX	Human	2016	Viet Nam		16NHP462
LR027527	01	TOU148153	FRA16		N/a	Unknown		01
LR027530	14	VSV286030	FRA16		N/a	Unknown		14
LR027544	CF097017	FRA03	20XX-XX-XX		Unknown			CF097017
LR027545	GRE29	FRA07	20XX-XX-XX		Unknown			GRE29
LT719066	CAE-CEN-BIY-146-08		2008-XX-XX	Human	2008	Cameroon		CAE-CEN-BIY-146-08
LT934386	R6_TUN		20XX-XX-XX	Unknown	N/a			R6_TUN
MF431793	EV71/SZ17/CHN/2013		2013-07-XX	Human	2013-07	China	C4	EV71/SZ17/CHN/2013
MF662680	R186/YN/CHN/2009		2009-08-14	Human	2009-08-14	China		R186/YN/CHN/2009
MF662692	KW24/YN/CHN/2012		2012-06-17	Human	2012-06-17	China		KW24/YN/CHN/2012
MF662695	RW40/YN/CHN/2012		2012-07-15	Human	2012-07-15	China		RW40/YN/CHN/2012
MF662696	RW46/YN/CHN/2012		2012-07-26	Human	2012-07-26	China		RW46/YN/CHN/2012
MG013988	15-355		2015-XX-XX	Human	2015	Senegal		15-355
MG367599	DK16-05		2016-06-XX	Human	2016-06	Denmark	C	DK16-05
U22522	MS/7423/87		20XX-XX-XX	Human	N/a			MS/7423/87
MG672481	MRT-14-250		20XX-XX-XX	Unknown	N/a	Mauritania	A71	MRT-14-250
MG756698	TW-01641-2005		2005-XX-XX	Human	2005	Taiwan		TW-01641-2005
MG756708	TW-70389-2008		2008-XX-XX	Human	2008	Taiwan		TW-70389-2008
MG756719	TW-96050-2010		2010-XX-XX	Human	2010	Taiwan		TW-96050-2010
MG756730	TW-01744-2012		2012-XX-XX	Human	2012	Taiwan		TW-01744-2012
MG756744	TW-50490-2012		2012-XX-XX	Human	2012	Taiwan		TW-50490-2012
MG756749	TW-50995-2012		2012-XX-XX	Human	2012	Taiwan		TW-50995-2012
MH484066	4N		2016-XX-XX	Human	2016	Spain		4N
MH511194	100-p36-T3		2017-08-10	Unknown	2017-08-10	China	C4	100-p36-T3
MH511195	101-p0		2017-08-10	Unknown	2017-08-10	China	C4	101-p0
MH511196	101-p12		2017-08-10	Unknown	2017-08-10	China	C4	101-p12
MH511200	101-p31-T1		2017-08-10	Unknown	2017-08-10	China	C4	101-p31-T1
MH716260	B5-3		2013-09-26	Human	2013-09-26	Viet Nam	B5	B5-3
MH716263	B5-6		2013-11-27	Human	2013-11-27	Viet Nam	B5	B5-6
MH716268	B5-11		2014-10-24	Human	2014-10-24	Viet Nam	B5	B5-11
MH716269	B5-12		2014-10-07	Human	2014-10-07	Viet Nam	B5	B5-12
MH716273	B5-16		2014-10-30	Human	2014-10-30	Viet Nam	B5	B5-16
MH716292	B5-35		2013-11-13	Human	2013-11-13	Viet Nam	B5	B5-35
MH716295	B5-38		2013-11-21	Human	2013-11-21	Viet Nam	B5	B5-38
MH716300	B5-43		2015-01-17	Human	2015-01-17	Viet Nam	B5	B5-43
MH716301	B5-44		2013-12-11	Human	2013-12-11	Viet Nam	B5	B5-44
MH716309	B5-52		2013-11-28	Human	2013-11-28	Viet Nam	B5	B5-52
MH716314	B5-57		2014-04-01	Human	2014-04-01	Viet Nam	B5	B5-57
MH716315	B5-58		2014-06-11	Human	2014-06-11	Viet Nam	B5	B5-58
MH716316	B5-59		2014-04-15	Human	2014-04-15	Viet Nam	B5	B5-59
MH716320	B5-63		2013-09-04	Human	2013-09-04	Viet Nam	B5	B5-63
MH716326	B5-69		2014-09-26	Human	2014-09-26	Viet Nam	B5	B5-69
MH716332	B5-75		2013-11-14	Human	2013-11-14	Viet Nam	B5	B5-75
MH716335	B5-78		2014-09-11	Human	2014-09-11	Viet Nam	B5	B5-78
MH716345	B5-88		2013-09-18	Human	2013-09-18	Viet Nam	B5	B5-88
MH716346	B5-89		2013-11-25	Human	2013-11-25	Viet Nam	B5	B5-89
MH716348	B5-91		2014-10-02	Human	2014-10-02	Viet Nam	B5	B5-91
MH716351	B5-94		2015-03-21	Human	2015-03-21	Viet Nam	B5	B5-94
MH716352	B5-95		2014-08-21	Human	2014-08-21	Viet Nam	B5	B5-95
MH716363	B5-106		2014-04-17	Human	2014-04-17	Viet Nam	B5	B5-106
MH716367	B5-110		2013-10-16	Human	2013-10-16	Viet Nam	B5	B5-110
MH716376	B5-119		2014-11-27	Human	2014-11-27	Viet Nam	B5	B5-119
MH716387	B5-130		2013-10-25	Human	2013-10-25	Viet Nam	B5	B5-130
MK791153	K17245		2018-08-27	Human	2018-08-27	China		K17245
MN966517	413-C1/YN/CHN/2016		2016-07-26	Human	2016-07-26	China	A71	413-C1/YN/CHN/2016
MT081375	USA/2018-23298		2018-XX-XX	Human	2018	USA		USA/2018-23298
MT241235	TLLbeta		2011-XX-XX	Unknown	2011	Singapore		TLLbeta
MT360985	F6		2008-XX-XX	Unknown	2008	Taiwan	B5	F6
MT708799	2019-EV-A71-R398		2019-XX-XX	Human	2019	China		2019-EV-A71-R398
MT708803	2019-EV-A71-R798		2019-XX-XX	Human	2019	China		2019-EV-A71-R798
AB747375	02363-Thai-02		20XX-XX-XX	Unknown	N/a	Thailand		02363-Thai-02
DQ341354	3799-SIN-98		20XX-XX-XX	Unknown	N/a	Singapore		3799-SIN-98
DQ341363	S19841-SAR-03		20XX-XX-XX	Unknown	N/a	Malaysia		S19841-SAR-03
FJ600325	EV71/Jiangsu.P.R.C/07.08/10		2008-07-XX	Unknown	2008-07	China	C4	EV71/Jiangsu.P.R.C/07.08/10
JN864019	EV71/Ningbo.CHN/002/2010		2010-XX-XX	Human	2010	China	C4	EV71/Ningbo.CHN/002/2010
JX678874	CQ03-1/CQ/CHN/2003		2003-XX-XX	Human	2003	China	C4	CQ03-1/CQ/CHN/2003
KC436266	V05-2243055		2005-09-XX	Human	2005-09	Hong Kong		V05-2243055
KC436268	V07-2231013		2007-05-XX	Human	2007-05	Hong Kong		V07-2231013
KC436269	V08-2221581		2008-04-XX	Human	2008-04	Hong Kong		V08-2221581
KC570453	SH12-276		2012-06-03	Human	2012-06-03	China	C4	SH12-276
KF142412	HNCZ/201208		2013-05-04	Human	2013-05-04	China		HNCZ/201208
KF154354	B5-03172-TW-2011		2011-11-05	Human	2011-11-05	Taiwan	B5	B5-03172-TW-2011
KF974782	M707-TW08		2008-XX-XX	Human	2008	Taiwan		M707-TW08
KF974794	M202-TW12		2012-XX-XX	Human	2012	Taiwan		M202-TW12
KJ686128	EV71/Homo sapiens/VNM/152/2012		2012-05-28	Human	2012-05-28	Viet Nam		EV71/Homosapiens/VNM/152/2012
KJ686131	EV71/Homo sapiens/VNM/123/2012		2012-04-18	Human	2012-04-18	Viet Nam		EV71/Homosapiens/VNM/123/2012
KJ686133	EV71/Homo sapiens/VNM/200/2011		2011-10-14	Human	2011-10-14	Viet Nam		EV71/Homosapiens/VNM/200/2011
KJ686145	EV71/Homo sapiens/VNM/197/2011		2011-10-10	Human	2011-10-10	Viet Nam		EV71/Homosapiens/VNM/197/2011
KJ686155	EV71/Homo sapiens/VNM/143/2012		2012-05-11	Human	2012-05-11	Viet Nam		EV71/Homosapiens/VNM/143/2012
KJ686157	EV71/Homo sapiens/VNM/161/2012		2012-07-20	Human	2012-07-20	Viet Nam		EV71/Homosapiens/VNM/161/2012
KJ686161	EV71/Homo sapiens/VNM/23/2011		2011-10-24	Human	2011-10-24	Viet Nam		EV71/Homosapiens/VNM/23/2011
KJ686168	EV71/Homo sapiens/VNM/116/2012		2012-04-11	Human	2012-04-11	Viet Nam		EV71/Homosapiens/VNM/116/2012
KJ686170	EV71/Homo sapiens/VNM/93/2012		2012-03-17	Human	2012-03-17	Viet Nam		EV71/Homosapiens/VNM/93/2012
KJ686175	EV71/Homo sapiens/VNM/245/2011		2011-12-13	Human	2011-12-13	Viet Nam		EV71/Homosapiens/VNM/245/2011
KJ686176	EV71/Homo sapiens/VNM/168/2012		2012-09-20	Human	2012-09-20	Viet Nam		EV71/Homosapiens/VNM/168/2012
KJ686179	EV71/Homo sapiens/VNM/15/2011		2011-10-16	Human	2011-10-16	Viet Nam		EV71/Homosapiens/VNM/15/2011
KJ686214	EV71/Homo sapiens/VNM/108/2012		2012-03-29	Human	2012-03-29	Viet Nam		EV71/Homosapiens/VNM/108/2012
KJ686223	EV71/Homo sapiens/VNM/229/2011		2011-11-30	Human	2011-11-30	Viet Nam		EV71/Homosapiens/VNM/229/2011
KJ686234	EV71/Homo sapiens/VNM/176/2012		2012-11-03	Human	2012-11-03	Viet Nam		EV71/Homosapiens/VNM/176/2012
KJ686240	EV71/Homo sapiens/VNM/44/2012		2012-01-01	Human	2012-01-01	Viet Nam		EV71/Homosapiens/VNM/44/2012
KJ686242	EV71/Homo sapiens/VNM/11/2011		2011-10-11	Human	2011-10-11	Viet Nam		EV71/Homosapiens/VNM/11/2011
KJ686245	EV71/Homo sapiens/VNM/90/2012		2012-03-09	Human	2012-03-09	Viet Nam		EV71/Homosapiens/VNM/90/2012
KJ686251	EV71/Homo sapiens/VNM/52/2012		2012-01-22	Human	2012-01-22	Viet Nam		EV71/Homosapiens/VNM/52/2012
KJ686255	EV71/Homo sapiens/VNM/250/2011		2011-12-23	Human	2011-12-23	Viet Nam		EV71/Homosapiens/VNM/250/2011
KJ686256	EV71/Homo sapiens/VNM/77/2012		2012-02-28	Human	2012-02-28	Viet Nam		EV71/Homosapiens/VNM/77/2012
KJ686268	EV71/Homo sapiens/VNM/78/2012		2012-02-29	Human	2012-02-29	Viet Nam		EV71/Homosapiens/VNM/78/2012
KJ686275	EV71/Homo sapiens/VNM/16/2011		2011-10-16	Human	2011-10-16	Viet Nam		EV71/Homosapiens/VNM/16/2011
KJ686281	EV71/Homo sapiens/VNM/72/2012		2012-02-24	Human	2012-02-24	Viet Nam		EV71/Homosapiens/VNM/72/2012
KJ686299	EV71/Homo sapiens/VNM/1/2011		2011-08-28	Human	2011-08-28	Viet Nam		EV71/Homosapiens/VNM/1/2011
KJ746493	306A		2010-XX-XX	Human	2010	China		306A
KJ784496	HuzhouE696/2012/CHN		2012-04-20	Unknown	2012-04-20	China		HuzhouE696/2012/CHN
KP198624	Henan-ZMD/CHN/2012		2012-04-01	Human	2012-04-01	China		Henan-ZMD/CHN/2012
KP289421	EV71/P156/2013/China		2013-XX-XX	Human	2013	China		EV71/P156/2013/China
KP308416	EV71/Homo sapiens/KHM/354/2012		2012-07-14	Human	2012-07-14	Cambodia		EV71/Homosapiens/KHM/354/2012
KP308421	EV71/Homo sapiens/KHM/299/2012		2012-08-25	Human	2012-08-25	Cambodia		EV71/Homosapiens/KHM/299/2012
KP308428	EV71/Homo sapiens/KHM/287/2012		2012-08-12	Human	2012-08-12	Cambodia		EV71/Homosapiens/KHM/287/2012
KP308431	EV71/Homo sapiens/KHM/315/2013		2013-02-06	Human	2013-02-06	Cambodia		EV71/Homosapiens/KHM/315/2013
KP308438	EV71/Homo sapiens/KHM/302/2012		2012-09-09	Human	2012-09-09	Cambodia		EV71/Homosapiens/KHM/302/2012
KP308442	EV71/Homo sapiens/KHM/368/2012		2012-07-14	Human	2012-07-14	Cambodia		EV71/Homosapiens/KHM/368/2012
KP691643	02-0-079		2013-11-11	Unknown	2013-11-11	Viet Nam		02-0-079
KP691654	02-1-008		2013-07-20	Unknown	2013-07-20	Viet Nam		02-1-008
KP691657	02-0-023		2013-08-21	Unknown	2013-08-21	Viet Nam		02-0-023
KP691664	02-0-024		2013-08-26	Unknown	2013-08-26	Viet Nam		02-0-024
KM593929	C4		2011-03-05	Human	2011-03-05	Taiwan	A71	C4
KR045299	THA_A1048		2013-02-11	Human	2013-02-11	Thailand	B5	THA_A1048
KT354871	N7008-TW99/VP1-E98K		2011-07-01	Human	2011-07-01	Taiwan		N7008-TW99/VP1-E98K
KU159437	C4-ND-152_Vietnam:VinhLong_2012-07-16		2012-07-16	Human	2012-07-16	Viet Nam	C4	C4-ND-152_Vietnam_VinhLong_2012-07-16
KU159438	C4-ND-153_Vietnam:HoChiMinh_2012-07-23		2012-07-23	Human	2012-07-23	Viet Nam	C4	C4-ND-153_Vietnam_HoChiMinh_2012-07-23
KU641504	44930/BE/DE 2015		2015-08-XX	Human	2015-08	Germany	A71	44930/BE/DE2015
KU641506	44932/BE/DE 2015		2015-08-XX	Human	2015-08	Germany	A71	44932/BE/DE2015
KU641507	44172/RP/DE 2015		2015-09-XX	Human	2015-09	Germany	A71	44172/RP/DE2015
KU936127	SHAPHC5589/SH/CHN/14		2014-09-11	Human	2014-09-11	China	C4a	SHAPHC5589/SH/CHN/14
KX372308	SI01/TH(NMA)/06		2006-07-01	Human	2006-07-01	Thailand		SI01/TH_NMA_/06
KX430818	EVA71/Homosapiens/VNM/12.2/2013		2013-XX-XX	Human	2013	Viet Nam	EV-A71	EVA71/Homosapiens/VNM/12.2/2013
KX430819	EVA71/Homosapiens/VNM/13.1/2012		2012-XX-XX	Human	2012	Viet Nam	EV-A71	EVA71/Homosapiens/VNM/13.1/2012
LC321990	31170101		2017-XX-XX	Human	2017	Japan		31170101
MG773124	Huainan201403		2014-XX-XX	Human	2014	China		Huainan201403
MG773126	Huainan201405		2014-XX-XX	Human	2014	China		Huainan201405
AB550334	SK-EV006-org		20XX-XX-XX	Unknown	N/a	Malaysia		SK-EV006-org
AB550335	SK-EV006-LPS1		20XX-XX-XX	Unknown	N/a	Malaysia		SK-EV006-LPS1
AB575935	480		1991-XX-XX	Unknown	1991	Netherlands		480
AB575939	365		2000-XX-XX	Unknown	2000	Netherlands		365
AF119796	TW/2086/98		20XX-XX-XX	Unknown	N/a	Taiwan		TW/2086/98
AF302996	SHZH98		20XX-XX-XX	Unknown	N/a			SHZH98
AF304458	Tainan/4643/98		20XX-XX-XX	Unknown	N/a			Tainan/4643/98
DQ341356	03-KOR-00		20XX-XX-XX	Unknown	N/a	South Korea		03-KOR-00
DQ341357	7F-AUS-6-99		20XX-XX-XX	Unknown	N/a	Australia		7F-AUS-6-99
EF373576	E2004104-TW-CDC		20XX-XX-XX	Unknown	N/a	Taiwan		E2004104-TW-CDC
EU131776	N3340-TW-02		20XX-XX-XX	Unknown	N/a			N3340-TW-02
EU703813	EV71/Fuyang.Anhui.P.R.C/17.08/2		2008-04-XX	Human	2008-04	China		EV71/Fuyang.Anhui.P.R.C/17.08/2
EU864507	EV71/Zhejiang08		2008-XX-XX	Human	2008	China		EV71/Zhejiang08
FJ158600	DTID/ZJU-62		2008-XX-XX	Unknown	2008	China		DTID/ZJU-62
FJ194965	EV71/GDSG/17/2008		2008-05-XX	Human	2008-05	China	c	EV71/GDSG/17/2008
FJ357374	N2121-TW05		2005-XX-XX	Human	2005	Taiwan		N2121-TW05
FJ360545	GZ-08-02		2008-05-XX	Human	2008-05	China		GZ-08-02
FJ606449	BJ08-Z020-1		2008-07-XX	Human	2008-07	China		BJ08-Z020-1
GQ231925	TW/1101/08		20XX-XX-XX	Human	N/a	Taiwan		TW/1101/08
GQ231932	TW/2871/04		20XX-XX-XX	Human	N/a	Taiwan		TW/2871/04
GQ231938	TW/71552/05		20XX-XX-XX	Human	N/a	Taiwan		TW/71552/05
GQ994990	Chongqing2-09-China		2009-04-XX	Human	2009-04	China		Chongqing2-09-China
GU459070	FY23-K12		2008-XX-XX	Human	2008	China	C4	FY23-K12
HM053671	BJ462		2009-08-12	Human	2009-08-12	China		BJ462
HM156065	2009-02877		2009-XX-XX	Human	2009	Taiwan	B5	2009-02877
HM245927	EV71/Henan/294/2010		2010-XX-XX	Human	2010	China		EV71/Henan/294/2010
HQ129932	BJ06-SJS06		2006-XX-XX	Human	2006	China		BJ06-SJS06
HQ424436	4044545		2010-06-05	Human	2010-06-05	Greece		4044545
HQ426649	2010FJLY008		2010-06-XX	Human	2010-06	China		2010FJLY008
HQ611148	AH08/06		2008-XX-XX	Human	2008	China	C4	AH08/06
HQ647174	EV123_07		2007-10-XX	Human	2007-10	Canada		EV123_07
HQ647177	EV073_07		2007-08-XX	Human	2007-08	Canada		EV073_07
HQ694982	JK2009		2008-05-08	Human	2008-05-08	China		JK2009
HQ712020	MP10		2010-10-09	Human	2010-10-09	China		MP10
HQ828086	NBChina01		2010-08-XX	Unknown	2010-08	China		NBChina01
JF738000	THA-EV71-002		2009-06-XX	Human	2009-06	Thailand		THA-EV71-002
JF738002	THA-EV71-044		2009-08-XX	Human	2009-08	Thailand		THA-EV71-044
JF820312	LCH01		2010-01-XX	Human	2010-01	China	C4	LCH01
JN001860	NB/2010/01		2010-05-10	Human	2010-05-10	China		NB/2010/01
JN256064	M188-1181F/HeN/CHN/2009		20XX-XX-XX	Human	N/a	China		M188-1181F/HeN/CHN/2009
JN835312	MRS/09/3663		2009-06-XX	Unknown	2009-06	France		MRS/09/3663
JQ074187	EV71/Jinan1002		2010-07-XX	Human	2010-07	China		EV71/Jinan1002
JQ074189	EV71/Jinan1005		2010-07-XX	Human	2010-07	China		EV71/Jinan1005
JQ316638	HQ09231463		2011-08-02	Human	2011-08-02	China		HQ09231463
JQ319054	BJ09/07		2009-XX-XX	Human	2009	China		BJ09/07
JX025559	LAZ60-TR		2010-04-06	Unknown	2010-04-06	Australia	C2	LAZ60-TR
JX111889	GD-DG2011-2		2011-04-19	Human	2011-04-19	China	C4	GD-DG2011-2
JX244187	SDLY153		2010-XX-XX	Human	2010	China		SDLY153
JX678877	FY17.08-6/AH/CHN/2008		2008-04-XX	Human	2008-04	China	C4	FY17.08-6/AH/CHN/2008
JX678883	SD09-14/SD/CHN/2009		2009-03-28	Human	2009-03-28	China	C4	SD09-14/SD/CHN/2009
JX678885	SH-17/SH/CHN/2002		2002-XX-XX	Human	2002	China	C4	SH-17/SH/CHN/2002
KC436265	V04-2218217		2004-05-XX	Human	2004-05	Hong Kong		V04-2218217
KF142411	HNCZ/201203		2013-05-04	Human	2013-05-04	China		HNCZ/201203
KF306100	B5-NHRIH2011043-V110703172-TW-Nov-5-11		2011-11-05	Human	2011-11-05	Taiwan	B5	B5-NHRIH2011043-V110703172-TW-Nov-5-11
KF312457	SHZH98 pro		1998-XX-XX	Human	1998	China	C4	SHZH98pro
KF444809	EV71/Queenmary/HongKong/2012		2012-XX-XX	Human	2012	China	C4	EV71/Queenmary/HongKong/2012
KF668443	H3-TY		2009-09-28	Human	2009-09-28	China	C4	H3-TY
KF974784	M245-TW08		2008-XX-XX	Human	2008	Taiwan		M245-TW08
KF974785	M668-TW08		2008-XX-XX	Human	2008	Taiwan		M668-TW08
KF974786	M1288-TW08		2008-XX-XX	Human	2008	Taiwan		M1288-TW08
KF974791	M617-TW12		2012-XX-XX	Human	2012	Taiwan		M617-TW12
KJ004556	EV71/NX10-147/2010		2010-XX-XX	Human	2010	China	C4	EV71/NX10-147/2010
KJ186974	C4a-01585-TW-2011		2011-05-21	Human	2011-05-21	Taiwan	C4a	C4a-01585-TW-2011
KJ686134	EV71/Homo sapiens/VNM/178/2012		2012-11-15	Human	2012-11-15	Viet Nam		EV71/Homosapiens/VNM/178/2012
KJ686148	EV71/Homo sapiens/VNM/54/2012		2012-01-27	Human	2012-01-27	Viet Nam		EV71/Homosapiens/VNM/54/2012
KJ686150	EV71/Homo sapiens/VNM/109/2012		2012-03-30	Human	2012-03-30	Viet Nam		EV71/Homosapiens/VNM/109/2012
KJ686154	EV71/Homo sapiens/VNM/196/2011		2011-10-07	Human	2011-10-07	Viet Nam		EV71/Homosapiens/VNM/196/2011
KJ686184	EV71/Homo sapiens/VNM/37/2011		2011-12-16	Human	2011-12-16	Viet Nam		EV71/Homosapiens/VNM/37/2011
KJ686187	EV71/Homo sapiens/VNM/199/2011		2011-10-12	Human	2011-10-12	Viet Nam		EV71/Homosapiens/VNM/199/2011
KJ686192	EV71/Homo sapiens/VNM/185/2012		2012-12-20	Human	2012-12-20	Viet Nam		EV71/Homosapiens/VNM/185/2012
KJ686210	EV71/Homo sapiens/VNM/91/2012		2012-03-13	Human	2012-03-13	Viet Nam		EV71/Homosapiens/VNM/91/2012
KJ686232	EV71/Homo sapiens/VNM/189/2011		2011-09-29	Human	2011-09-29	Viet Nam		EV71/Homosapiens/VNM/189/2011
KJ686252	EV71/Homo sapiens/VNM/170/2012		2012-10-06	Human	2012-10-06	Viet Nam		EV71/Homosapiens/VNM/170/2012
KJ686283	EV71/Homo sapiens/VNM/55/2012		2012-02-01	Human	2012-02-01	Viet Nam		EV71/Homosapiens/VNM/55/2012
KJ686284	EV71/Homo sapiens/VNM/230/2011		2011-11-30	Human	2011-11-30	Viet Nam		EV71/Homosapiens/VNM/230/2011
KJ686285	EV71/Homo sapiens/VNM/50/2012		2012-01-18	Human	2012-01-18	Viet Nam		EV71/Homosapiens/VNM/50/2012
KJ686291	EV71/Homo sapiens/VNM/45/2012		2012-01-06	Human	2012-01-06	Viet Nam		EV71/Homosapiens/VNM/45/2012
KJ686294	EV71/Homo sapiens/VNM/208/2011		2011-10-25	Human	2011-10-25	Viet Nam		EV71/Homosapiens/VNM/208/2011
KJ686296	EV71/Homo sapiens/VNM/129/2012		2012-04-22	Human	2012-04-22	Viet Nam		EV71/Homosapiens/VNM/129/2012
KM055005	Laos2011 HFMD12V		2011-05-17	Human	2011-05-17	Laos	A71	Laos2011HFMD12V
KX197456	HFM008		2012-07-12	Human	2012-07-12	Cambodia	C4a	HFM008
KX197461	SEP001		2012-06-15	Human	2012-06-15	Cambodia	C4a	SEP001
LC506515	N0722-Sendai-2007		2007-XX-XX	Human	2007	Japan		N0722-Sendai-2007
LC626873	K282-Sendai-2012		2012-XX-XX	Human	2012	Japan		K282-Sendai-2012
LC626874	1499-Yamagata-2013		2013-XX-XX	Unknown	2013	Japan		1499-Yamagata-2013
LC626882	N133-Sendai-2006		2006-XX-XX	Human	2006	Japan		N133-Sendai-2006
LC626893	2498-Yamagata-2006		2006-XX-XX	Human	2006	Japan		2498-Yamagata-2006
LC627068	15NHP009		2015-XX-XX	Human	2015	Viet Nam		15NHP009
LC627070	15NHP023		2015-XX-XX	Human	2015	Viet Nam		15NHP023
LC627087	16NHP391		2016-XX-XX	Human	2016	Viet Nam		16NHP391
LR027521	06	TOU307016	FRA16		N/a	Unknown		06
LR027546	25	AMI302001	FRA16		N/a	Unknown		25
MF662682	R262/YN/CHN/2010		2010-05-19	Human	2010-05-19	China		R262/YN/CHN/2010
MF662687	R1/YN/CHN/2011		2011-05-29	Human	2011-05-29	China		R1/YN/CHN/2011
MG367591	DK07-01		2007-02-XX	Human	2007-02	Denmark	C	DK07-01
MG367597	DK16-03		2016-04-XX	Human	2016-04	Denmark	C	DK16-03
MG756704	TW-96102-2005		2005-XX-XX	Human	2005	Taiwan		TW-96102-2005
MG756706	TW-02389-2008		2008-XX-XX	Human	2008	Taiwan		TW-02389-2008
MG756721	TW-03530-2011		2011-XX-XX	Human	2011	Taiwan		TW-03530-2011
MG756735	TW-01963-2012		2012-XX-XX	Human	2012	Taiwan		TW-01963-2012
MG756737	TW-02664-2012		2012-XX-XX	Human	2012	Taiwan		TW-02664-2012
MG756743	TW-50234-2012		2012-XX-XX	Human	2012	Taiwan		TW-50234-2012
MG756745	TW-50558-2012		2012-XX-XX	Human	2012	Taiwan		TW-50558-2012
MG756751	TW-51045-2012		2012-XX-XX	Human	2012	Taiwan		TW-51045-2012
MG875331	160-50		2016-XX-XX	Unknown	2016	China		160-50
MH373639	CMU4232/BJ/CHN/2008		2008-04-XX	Human	2008-04	China	71	CMU4232/BJ/CHN/2008
MH511186	100-p31-T1		2017-08-10	Unknown	2017-08-10	China	C4	100-p31-T1
MH511187	100-p31-T2		2017-08-10	Unknown	2017-08-10	China	C4	100-p31-T2
MH511190	100-p35-T2		2017-08-10	Unknown	2017-08-10	China	C4	100-p35-T2
MH511201	101-p31-T2		2017-08-10	Unknown	2017-08-10	China	C4	101-p31-T2
MH511204	101-p35-T2		2017-08-10	Unknown	2017-08-10	China	C4	101-p35-T2
MH511206	101-p36-T1		2017-08-10	Unknown	2017-08-10	China	C4	101-p36-T1
MH716248	C4-1		2014-10-20	Human	2014-10-20	Viet Nam	C4	C4-1
MH716258	B5-1		2014-08-27	Human	2014-08-27	Viet Nam	B5	B5-1
MH716261	B5-4		2013-10-28	Human	2013-10-28	Viet Nam	B5	B5-4
MH716266	B5-9		2014-12-19	Human	2014-12-19	Viet Nam	B5	B5-9
MH716279	B5-22		2014-12-05	Human	2014-12-05	Viet Nam	B5	B5-22
MH716285	B5-28		2014-12-08	Human	2014-12-08	Viet Nam	B5	B5-28
MH716291	B5-34		2014-11-12	Human	2014-11-12	Viet Nam	B5	B5-34
MH716299	B5-42		2015-01-21	Human	2015-01-21	Viet Nam	B5	B5-42
MH716307	B5-50		2015-01-19	Human	2015-01-19	Viet Nam	B5	B5-50
MH716308	B5-51		2013-09-16	Human	2013-09-16	Viet Nam	B5	B5-51
MH716313	B5-56		2013-07-24	Human	2013-07-24	Viet Nam	B5	B5-56
MH716328	B5-71		2014-05-29	Human	2014-05-29	Viet Nam	B5	B5-71
MH716341	B5-84		2013-09-12	Human	2013-09-12	Viet Nam	B5	B5-84
MH716343	B5-86		2013-12-04	Human	2013-12-04	Viet Nam	B5	B5-86
MH716369	B5-112		2013-11-04	Human	2013-11-04	Viet Nam	B5	B5-112
MH718269	USA/CO/2018-23026		2018-XX-XX	Human	2018	USA		USA/CO/2018-23026
MK307505	S0254a		20XX-XX-XX	Human	N/a	China	C4a	S0254a
MK697686	Sydney20		2013-03-XX	Human	2013-03	Australia		Sydney20
MN747117	wh064-CHN-2010		2010-XX-XX	Human	2010	China	C4	wh064-CHN-2010
MN747118	wh170-CHN-2012		2012-XX-XX	Human	2012	China	C4	wh170-CHN-2012
MN966515	R66/YN/CHN/2016		2016-03-03	Human	2016-03-03	China	A71	R66/YN/CHN/2016
MT188611	97/ST		1997-XX-XX	Human	1997			97/ST
MT241239	TLLeCA16		2013-XX-XX	Unknown	2013	Singapore		TLLeCA16
MT360993	No.8		2008-XX-XX	Unknown	2008	Taiwan	B5	No.8
MT360997	No.36		2008-XX-XX	Unknown	2008	Taiwan	B5	No.36
AB575923	20233		1983-XX-XX	Unknown	1983	Netherlands		20233
AB575938	10098		2010-XX-XX	Unknown	2010	Netherlands		10098
AB575942	3692		2007-XX-XX	Unknown	2007	Netherlands		3692
HM752814	119798		20XX-XX-XX	Human	N/a	Greece		119798
HQ424434	124098		2010-02-04	Human	2010-02-04	Greece		124098
KJ686298	EV71/Homo sapiens/VNM/233/2011		2011-12-02	Human	2011-12-02	Viet Nam		EV71/Homosapiens/VNM/233/2011
KM077140	Hau1		2013-07-XX	Human	2013-07	Taiwan		Hau1
KP289424	EV71/P267/2013/China		2013-XX-XX	Human	2013	China		EV71/P267/2013/China
KP289429	EV71/P654/2013/China		2013-XX-XX	Human	2013	China		EV71/P654/2013/China
KP289431	EV71/P977/2013/China		2013-XX-XX	Human	2013	China		EV71/P977/2013/China
KP308401	EV71/Homo sapiens/KHM/260/2012		2012-07-09	Human	2012-07-09	Cambodia		EV71/Homosapiens/KHM/260/2012
KP308408	EV71/Homo sapiens/KHM/304/2012		2012-09-16	Human	2012-09-16	Cambodia		EV71/Homosapiens/KHM/304/2012
KP308410	EV71/Homo sapiens/KHM/342/2012		2012-07-13	Human	2012-07-13	Cambodia		EV71/Homosapiens/KHM/342/2012
KP308418	EV71/Homo sapiens/KHM/392/2012		2012-07-21	Human	2012-07-21	Cambodia		EV71/Homosapiens/KHM/392/2012
KP308435	EV71/Homo sapiens/KHM/313/2012		2012-12-08	Human	2012-12-08	Cambodia		EV71/Homosapiens/KHM/313/2012
KP308436	EV71/Homo sapiens/KHM/295/2012		2012-08-21	Human	2012-08-21	Cambodia		EV71/Homosapiens/KHM/295/2012
KP308439	EV71/Homo sapiens/KHM/311/2012		2012-11-23	Human	2012-11-23	Cambodia		EV71/Homosapiens/KHM/311/2012
KP308441	EV71/Homo sapiens/KHM/275/2012		2012-07-31	Human	2012-07-31	Cambodia		EV71/Homosapiens/KHM/275/2012
KP308443	EV71/Homo sapiens/KHM/394/2012		2012-07-25	Human	2012-07-25	Cambodia		EV71/Homosapiens/KHM/394/2012
KP308446	EV71/Homo sapiens/KHM/360/2012		2012-07-16	Human	2012-07-16	Cambodia		EV71/Homosapiens/KHM/360/2012
KP308450	EV71/Homo sapiens/KHM/367/2012		2012-07-14	Human	2012-07-14	Cambodia		EV71/Homosapiens/KHM/367/2012
KP308459	EV71/Homo sapiens/KHM/336/2012		2012-07-12	Human	2012-07-12	Cambodia		EV71/Homosapiens/KHM/336/2012
KP308460	EV71/Homo sapiens/KHM/400/XXXX		20XX-XX-XX	Human	N/a	Cambodia		EV71/Homosapiens/KHM/400/XXXX
KP691647	02-0-071		2013-10-30	Unknown	2013-10-30	Viet Nam		02-0-071
KP691649	03-0-003		2013-11-06	Unknown	2013-11-06	Viet Nam		03-0-003
KP691665	VN152/2011		2011-04-10	Unknown	2011-04-10	Viet Nam		VN152/2011
KR045297	THA_A641		2012-07-23	Human	2012-07-23	Thailand	B5	THA_A641
KR045302	THA_A1570		2014-10-13	Human	2014-10-13	Thailand	B5	THA_A1570
KT008669	4/EV71/Wenzhou/CHN/2014		2014-06-02	Human	2014-06-02	China	C4a	4/EV71/Wenzhou/CHN/2014
KT354875	N7008-TW99-9		2011-07-01	Human	2011-07-01	Taiwan		N7008-TW99-9
KT428648	EV71/SZ42/CHN/2014		2014-05-XX	Human	2014-05	China		EV71/SZ42/CHN/2014
KU159439	C4-ND-158_Vietnam:BenTre_2012-08-04		2012-08-04	Human	2012-08-04	Viet Nam	C4	C4-ND-158_Vietnam_BenTre_2012-08-04
KU254596	BJ14-2		2014-07-15	Unknown	2014-07-15	China		BJ14-2
KU936126	SHAPHC5510/SH/CHN/14		2014-07-07	Human	2014-07-07	China	C4a	SHAPHC5510/SH/CHN/14
KU936130	SHAPHC5330/SH/CHN/14		2014-04-20	Human	2014-04-20	China	C4a	SHAPHC5330/SH/CHN/14
KU936132	SHAPHC5468/SH/CHN/14		2014-06-15	Human	2014-06-15	China	C4a	SHAPHC5468/SH/CHN/14
KX372311	SiICRC10/TH/2011		2011-08-15	Human	2011-08-15	Thailand		SiICRC10/TH/2011
KX372329	SiICRC05/TH/2014		2014-02-12	Human	2014-02-12	Thailand		SiICRC05/TH/2014
KX372330	SiICRC06/TH/2014		2014-07-01	Human	2014-07-01	Thailand		SiICRC06/TH/2014
KX372331	SiICRC07/TH/2014		2014-07-07	Human	2014-07-07	Thailand		SiICRC07/TH/2014
KX430821	EVA71/Homosapiens/VNM/14.1/2012		2012-XX-XX	Human	2012	Viet Nam	EV-A71	EVA71/Homosapiens/VNM/14.1/2012
KX893543	32-YN		2015-04-10	Human	2015-04-10	China		32-YN
KY074644	CCA		2008-XX-XX	Human	2008	China	C4	CCA
LR027532	23	TOU307036	FRA16		N/a	Unknown		23
LR027533	13	COC286037	FRA16		N/a	Unknown		13
LR027537	16	VSV286034	FRA16		N/a	Unknown		16
LR027538	18	VSV286036	FRA16		N/a	Unknown		18
LR027543	STU546711	DEU08	20XX-XX-XX		Unknown			STU546711
MF662679	R176/YN/CHN/2009		2009-07-25	Human	2009-07-25	China		R176/YN/CHN/2009
MF662681	K509/YN/CHN/2010		2010-05-24	Human	2010-05-24	China		K509/YN/CHN/2010
MF662688	R14/YN/CHN/2011		2011-06-12	Human	2011-06-12	China		R14/YN/CHN/2011
MG207962	4-23/XY/CHN/2017		2017-05-12	Human	2017-05-12	China		4-23/XY/CHN/2017
MG208882	EV71/SHENZHEN001/2006		2006-06-XX	Human	2006-06	China	C4	EV71/SHENZHEN001/2006
MG367594	DK07-04		2007-06-XX	Human	2007-06	Denmark	C	DK07-04
MG431943	EV71/CZTN01/CHN/2017		2017-XX-XX	Human	2017	China		EV71/CZTN01/CHN/2017
MG756691	TW-50837-2016		2016-XX-XX	Human	2016	Taiwan		TW-50837-2016
MG756699	TW-01952-2005		2005-XX-XX	Human	2005	Taiwan		TW-01952-2005
MG756701	TW-70205-2005		2005-XX-XX	Human	2005	Taiwan		TW-70205-2005
MG756727	TW-01112-2012		2012-XX-XX	Human	2012	Taiwan		TW-01112-2012
MG756736	TW-02131-2012		2012-XX-XX	Human	2012	Taiwan		TW-02131-2012
MG773122	Huainan201401		2014-XX-XX	Human	2014	China		Huainan201401
MH511182	100-p12		2017-08-10	Unknown	2017-08-10	China	C4	100-p12
MH511183	100-p17-T1		2017-08-10	Unknown	2017-08-10	China	C4	100-p17-T1
MH511191	100-p35-T3		2017-08-10	Unknown	2017-08-10	China	C4	100-p35-T3
MH511203	101-p35-T1		2017-08-10	Unknown	2017-08-10	China	C4	101-p35-T1
MH511207	101-p36-T2		2017-08-10	Unknown	2017-08-10	China	C4	101-p36-T2
MH716249	C4-2		2014-10-08	Human	2014-10-08	Viet Nam	C4	C4-2
MH716259	B5-2		2014-11-26	Human	2014-11-26	Viet Nam	B5	B5-2
MH716262	B5-5		2014-04-01	Human	2014-04-01	Viet Nam	B5	B5-5
MH716264	B5-7		2015-04-09	Human	2015-04-09	Viet Nam	B5	B5-7
MH716272	B5-15		2014-12-19	Human	2014-12-19	Viet Nam	B5	B5-15
MH716277	B5-20		2015-04-06	Human	2015-04-06	Viet Nam	B5	B5-20
MH716281	B5-24		2014-09-03	Human	2014-09-03	Viet Nam	B5	B5-24
MH716284	B5-27		2014-10-29	Human	2014-10-29	Viet Nam	B5	B5-27
MH716289	B5-32		2014-11-14	Human	2014-11-14	Viet Nam	B5	B5-32
MH716298	B5-41		2014-10-08	Human	2014-10-08	Viet Nam	B5	B5-41
MH716310	B5-53		2014-11-04	Human	2014-11-04	Viet Nam	B5	B5-53
MH716312	B5-55		2013-09-11	Human	2013-09-11	Viet Nam	B5	B5-55
MH716322	B5-65		2014-03-26	Human	2014-03-26	Viet Nam	B5	B5-65
MH716353	B5-96		2014-07-04	Human	2014-07-04	Viet Nam	B5	B5-96
MH716354	B5-97		2014-12-10	Human	2014-12-10	Viet Nam	B5	B5-97
MH716373	B5-116		2014-12-10	Human	2014-12-10	Viet Nam	B5	B5-116
MH716383	B5-126		2013-12-05	Human	2013-12-05	Viet Nam	B5	B5-126
MH716385	B5-128		2013-10-30	Human	2013-10-30	Viet Nam	B5	B5-128
MH716390	B5-133		2013-07-29	Human	2013-07-29	Viet Nam	B5	B5-133
MK697692	Sydney09		2013-05-XX	Human	2013-05	Australia		Sydney09
MK697693	Sydney05		2013-03-XX	Human	2013-03	Australia		Sydney05
MK800119	USA/2018-23124		2018-XX-XX	Human	2018	USA		USA/2018-23124
MN254979	G08		2008-XX-XX	Human	2008	China		G08
MN749160	10S3		2013-XX-XX	Human	2013	USA		10S3
MN966512	A106/YN/CHN/2016		2016-03-10	Human	2016-03-10	China	A71	A106/YN/CHN/2016
MN966513	G63/YN/CHN/2016		2016-06-04	Human	2016-06-04	China	A71	G63/YN/CHN/2016
AB550332	1095-org		20XX-XX-XX	Unknown	N/a	Japan		1095-org
AB575916	16173		1976-XX-XX	Unknown	1976	Netherlands		16173
AB575937	1416		2001-XX-XX	Unknown	2001	Netherlands		1416
AY465356	SHZH03		20XX-XX-XX	Unknown	N/a	China		SHZH03
DQ060149	pinf7-54A		20XX-XX-XX	Unknown	N/a	Taiwan		pinf7-54A
DQ341366	SB2864-SAR-00		20XX-XX-XX	Unknown	N/a	Malaysia		SB2864-SAR-00
DQ341367	MY821-3-SAR-97		20XX-XX-XX	Unknown	N/a	Malaysia		MY821-3-SAR-97
DQ341368	MY104-9-SAR-97		20XX-XX-XX	Unknown	N/a	Malaysia		MY104-9-SAR-97
EU414333	CSF-CH-06		20XX-XX-XX	Unknown	N/a	Switzerland		CSF-CH-06
FJ158601	DTID/ZJU-74		2008-XX-XX	Unknown	2008	China		DTID/ZJU-74
FJ194964	EV71/GDFS/3/2008		2008-05-XX	Human	2008-05	China		EV71/GDFS/3/2008
FJ357375	N7008-TW99		1999-XX-XX	Human	1999	Taiwan		N7008-TW99
FJ439769	Fuyang-0805		2008-05-XX	Human	2008-05	China		Fuyang-0805
GQ994992	Henan2-09-China		2009-04-XX	Human	2009-04	China		Henan2-09-China
GU459071	FY23-K14		2008-XX-XX	Human	2008	China		FY23-K14
HM622390	2009-03531		2009-XX-XX	Human	2009	Taiwan		2009-03531
HQ325852	EV71/HENAN/DC/2010		2010-08-20	Human	2010-08-20	China		EV71/HENAN/DC/2010
HQ423142	KMM/09		2009-05-XX	Human	2009-05	China		KMM/09
HQ647173	EV003_07		2006-11-XX	Human	2006-11	Canada		EV003_07
HQ694984	Fuyang200805		2008-05-15	Human	2008-05-15	China		Fuyang200805
JF913464	EV71/JN200803		2008-07-XX	Human	2008-07	China		EV71/JN200803
JN230523	Xiangyang-Hubei-09		2009-04-XX	Human	2009-04	China	C4	Xiangyang-Hubei-09
JQ074190	EV71/Jinan1006		2010-07-XX	Human	2010-07	China		EV71/Jinan1006
JQ086365	EV71/Ningbo.CHN/107-2/2009		2011-XX-XX	Human	2011	China	C4	EV71/Ningbo.CHN/107-2/2009
JX111888	GD-DG2011-1		2011-04-18	Human	2011-04-18	China	C4	GD-DG2011-1
JX244186	SDLY107		2010-XX-XX	Human	2010	China		SDLY107
JX678876	FY17.08-5/AH/CHN/2008		2008-04-XX	Human	2008-04	China	C4	FY17.08-5/AH/CHN/2008
KC109780	202/Jingdezhen/China/HFMD_Severe/2011		2011-10-XX	Human	2011-10	China	C4	202/Jingdezhen/China/HFMD_Severe/2011
KC436270	V08-2236079		2008-06-XX	Human	2008-06	Hong Kong		V08-2236079
KC436272	V10-2234054		2010-04-XX	Human	2010-04	Hong Kong		V10-2234054
KC570452	SH12-036		2012-05-02	Human	2012-05-02	China	C4	SH12-036
KF142413	HNCZ/201211		2013-05-04	Human	2013-05-04	China		HNCZ/201211
KF154355	B5-96015-TW-2012		2012-04-18	Human	2012-04-18	Taiwan	B5	B5-96015-TW-2012
KF514880	TLLmv		20XX-XX-XX	Unknown	N/a			TLLmv
KF974780	M448-TW08		2008-XX-XX	Human	2008	Taiwan		M448-TW08
KF974783	M1473-TW08		2008-XX-XX	Human	2008	Taiwan		M1473-TW08
KF974787	M1644-TW08		2008-XX-XX	Human	2008	Taiwan		M1644-TW08
KF974790	M538-TW12		2012-XX-XX	Human	2012	Taiwan		M538-TW12
KJ004554	EV71/Hun12-14/2012		2012-XX-XX	Human	2012	China	C4	EV71/Hun12-14/2012
KJ004559	EV71/GD10-12/2010		2010-XX-XX	Human	2010	China	C4	EV71/GD10-12/2010
KJ004560	EV71/GD10-45/2010		2010-XX-XX	Human	2010	China	C4	EV71/GD10-45/2010
KJ508182	Hubei-HG/CHN/2012		2012-07-09	Human	2012-07-09	China		Hubei-HG/CHN/2012
KJ686135	EV71/Homo sapiens/VNM/75/2012		2012-02-27	Human	2012-02-27	Viet Nam		EV71/Homosapiens/VNM/75/2012
KJ686142	EV71/Homo sapiens/VNM/35/2011		2011-12-09	Human	2011-12-09	Viet Nam		EV71/Homosapiens/VNM/35/2011
KJ686147	EV71/Homo sapiens/VNM/39/2011		2011-12-23	Human	2011-12-23	Viet Nam		EV71/Homosapiens/VNM/39/2011
KJ686149	EV71/Homo sapiens/VNM/57/2012		2012-02-03	Human	2012-02-03	Viet Nam		EV71/Homosapiens/VNM/57/2012
KJ686153	EV71/Homo sapiens/VNM/193/2011		2011-10-06	Human	2011-10-06	Viet Nam		EV71/Homosapiens/VNM/193/2011
KJ686165	EV71/Homo sapiens/VNM/225/2011		2011-11-26	Human	2011-11-26	Viet Nam		EV71/Homosapiens/VNM/225/2011
KJ686166	EV71/Homo sapiens/VNM/41/2011		2011-12-28	Human	2011-12-28	Viet Nam		EV71/Homosapiens/VNM/41/2011
KJ686182	EV71/Homo sapiens/VNM/9/2011		2011-10-10	Human	2011-10-10	Viet Nam		EV71/Homosapiens/VNM/9/2011
KJ686185	EV71/Homo sapiens/VNM/25/2011		2011-10-29	Human	2011-10-29	Viet Nam		EV71/Homosapiens/VNM/25/2011
KJ686189	EV71/Homo sapiens/VNM/186/2011		2011-09-28	Human	2011-09-28	Viet Nam		EV71/Homosapiens/VNM/186/2011
KJ686190	EV71/Homo sapiens/VNM/198/2011		2011-10-10	Human	2011-10-10	Viet Nam		EV71/Homosapiens/VNM/198/2011
KJ686194	EV71/Homo sapiens/VNM/71/2012		2012-02-23	Human	2012-02-23	Viet Nam		EV71/Homosapiens/VNM/71/2012
KJ686196	EV71/Homo sapiens/VNM/138/2012		2012-05-04	Human	2012-05-04	Viet Nam		EV71/Homosapiens/VNM/138/2012
KJ686203	EV71/Homo sapiens/VNM/67/2012		2012-02-15	Human	2012-02-15	Viet Nam		EV71/Homosapiens/VNM/67/2012
KJ686204	EV71/Homo sapiens/VNM/33/2011		2011-11-30	Human	2011-11-30	Viet Nam		EV71/Homosapiens/VNM/33/2011
KJ686209	EV71/Homo sapiens/VNM/14/2011		2011-10-16	Human	2011-10-16	Viet Nam		EV71/Homosapiens/VNM/14/2011
KJ686225	EV71/Homo sapiens/VNM/113/2012		2012-04-03	Human	2012-04-03	Viet Nam		EV71/Homosapiens/VNM/113/2012
KJ686233	EV71/Homo sapiens/VNM/206/2011		2011-10-23	Human	2011-10-23	Viet Nam		EV71/Homosapiens/VNM/206/2011
KJ686239	EV71/Homo sapiens/VNM/227/2011		2011-11-30	Human	2011-11-30	Viet Nam		EV71/Homosapiens/VNM/227/2011
KJ686261	EV71/Homo sapiens/VNM/236/2011		2011-12-04	Human	2011-12-04	Viet Nam		EV71/Homosapiens/VNM/236/2011
KJ686266	EV71/Homo sapiens/VNM/163/2012		2012-08-20	Human	2012-08-20	Viet Nam		EV71/Homosapiens/VNM/163/2012
KJ686269	EV71/Homo sapiens/VNM/47/2012		2012-01-13	Human	2012-01-13	Viet Nam		EV71/Homosapiens/VNM/47/2012
KJ686280	EV71/Homo sapiens/VNM/89/2012		2012-03-08	Human	2012-03-08	Viet Nam		EV71/Homosapiens/VNM/89/2012
KJ686295	EV71/Homo sapiens/VNM/167/2012		2012-09-08	Human	2012-09-08	Viet Nam		EV71/Homosapiens/VNM/167/2012
KJ686297	EV71/Homo sapiens/VNM/192/2011		2011-10-05	Human	2011-10-05	Viet Nam		EV71/Homosapiens/VNM/192/2011
KJ686306	EV71/Homo sapiens/VNM/59/2012		2012-02-06	Human	2012-02-06	Viet Nam		EV71/Homosapiens/VNM/59/2012
KM211579	Puyang-451-2012		2012-XX-XX	Human	2012	China		Puyang-451-2012
KM673244	IM11		20XX-XX-XX	Human	N/a	China		IM11
KP266572	2008-43-16		2008-12-02	Human	2008-12-02	China		2008-43-16
KP266579	2006-52-9		2006-11-14	Human	2006-11-14	China		2006-52-9
KP274875	Taipei/C4-Y100-P5/2011		2011-03-05	Human	2011-03-05	Taiwan		Taipei/C4-Y100-P5/2011
KP289417	EV71/P1027/2013/China		2013-XX-XX	Human	2013	China		EV71/P1027/2013/China
KP308407	EV71/Homo sapiens/KHM/384/2012		2012-07-17	Human	2012-07-17	Cambodia		EV71/Homosapiens/KHM/384/2012
KP308420	EV71/Homo sapiens/KHM/284/2012		2012-08-09	Human	2012-08-09	Cambodia		EV71/Homosapiens/KHM/284/2012
KP308429	EV71/Homo sapiens/KHM/359/2012		2012-07-16	Human	2012-07-16	Cambodia		EV71/Homosapiens/KHM/359/2012
KP308434	EV71/Homo sapiens/KHM/298/2012		2012-08-25	Human	2012-08-25	Cambodia		EV71/Homosapiens/KHM/298/2012
KP308448	EV71/Homo sapiens/KHM/274/2012		2012-07-29	Human	2012-07-29	Cambodia		EV71/Homosapiens/KHM/274/2012
KP691646	02-0-070		2013-10-28	Unknown	2013-10-28	Viet Nam		02-0-070
KR045292	THA_A578		2012-07-18	Human	2012-07-18	Thailand	B5	THA_A578
KR045295	THA_A851		2012-08-07	Human	2012-08-07	Thailand	B5	THA_A851
KR045298	THA_A1008		2012-12-18	Human	2012-12-18	Thailand	B5	THA_A1008
KR045304	THA_A577		2012-07-18	Human	2012-07-18	Thailand	B5	THA_A577
KT008670	11/EV71/Wenzhou/CHN/2014		2014-06-02	Human	2014-06-02	China	C4a	11/EV71/Wenzhou/CHN/2014
KT345959	120/EV71/Wenzhou/CHN/2014		2014-06-02	Human	2014-06-02	China	C4a	120/EV71/Wenzhou/CHN/2014
KT354873	N7008-TW99/VP1-E164D		2011-07-01	Human	2011-07-01	Taiwan		N7008-TW99/VP1-E164D
KT428647	EV71/SZ25/CHN/2014		2014-05-XX	Human	2014-05	China		EV71/SZ25/CHN/2014
KT428650	EV71/SZ88/CHN/2014		2014-09-XX	Human	2014-09	China		EV71/SZ88/CHN/2014
KU159442	C4-ND-200_Vietnam:HoChiMinh_2012-03-28		2012-03-28	Human	2012-03-28	Viet Nam	C4	C4-ND-200_Vietnam_HoChiMinh_2012-03-28
KU641505	43538/MV/DE 2015		2015-08-XX	Human	2015-08	Germany	A71	43538/MV/DE2015
KX197457	HFM040		2012-07-14	Human	2012-07-14	Cambodia	C4a	HFM040
KX197458	HFM057		2012-07-14	Human	2012-07-14	Cambodia	C4a	HFM057
KX197465	SEP042		2012-XX-XX	Human	2012	Cambodia	C4a	SEP042
LC626872	N343-Sendai-2012		2012-XX-XX	Human	2012	Japan		N343-Sendai-2012
LC626883	K528-Sendai-2003		2003-XX-XX	Human	2003	Japan		K528-Sendai-2003
LC626889	K258-Sendai-2003		2003-XX-XX	Human	2003	Japan		K258-Sendai-2003
LC626899	100-Yamagata-2003		2003-XX-XX	Human	2003	Japan		100-Yamagata-2003
LC627069	15NHP019		2015-XX-XX	Human	2015	Viet Nam		15NHP019
LC627075	15NHP152		2015-XX-XX	Human	2015	Viet Nam		15NHP152
LC627077	15NHP226		2015-XX-XX	Human	2015	Viet Nam		15NHP226
LC627081	16NHP450		2016-XX-XX	Human	2016	Viet Nam		16NHP450
LC627092	16NHP475		2016-XX-XX	Human	2016	Viet Nam		16NHP475
MT212038	E1/ZS/CHZ/2009		2009-05-XX	Human	2009-05	China		E1/ZS/CHZ/2009
MT241233	TLLalpha		2011-XX-XX	Unknown	2011	Singapore		TLLalpha
MT241234	TLLalpha-P20		2011-XX-XX	Unknown	2011	Singapore		TLLalpha-P20
MT360986	F7		2008-XX-XX	Unknown	2008	Taiwan	B5	F7
MT360989	F22		2008-XX-XX	Unknown	2008	Taiwan	B5	F22
MT360995	No.22		2008-XX-XX	Unknown	2008	Taiwan	B5	No.22
AB550333	1095-LPS1		20XX-XX-XX	Unknown	N/a	Japan		1095-LPS1
AB550336	C7/Osaka-org		20XX-XX-XX	Unknown	N/a	Japan		C7/Osaka-org
AB550338	75-Yamagata-org		20XX-XX-XX	Unknown	N/a	Japan		75-Yamagata-org
AB575941	2485		2007-XX-XX	Unknown	2007	Netherlands		2485
AB575948	10118		2010-XX-XX	Unknown	2010	Netherlands		10118
AF119795	TW/2272/98		20XX-XX-XX	Unknown	N/a	Taiwan		TW/2272/98
AM396585	ENT/PM/SHA71		20XX-XX-XX	Unknown	N/a	Malaysia		ENT/PM/SHA71
AM396588	EV71/SAR/SHA63		20XX-XX-XX	Unknown	N/a	Malaysia		EV71/SAR/SHA63
EF373575	E2002042-TW-CDC		20XX-XX-XX	Unknown	N/a	Taiwan		E2002042-TW-CDC
EU414334	PLday4-CH-06		20XX-XX-XX	Unknown	N/a	Switzerland		PLday4-CH-06
EU812515	FY23		2008-05-XX	Unknown	2008-05	China		FY23
FJ357381	244-TW86		1986-XX-XX	Human	1986	Taiwan		244-TW86
FJ360546	GZ-08-03		2008-05-XX	Human	2008-05	China		GZ-08-03
FJ606447	BJ08-Z004-3		2008-07-XX	Human	2008-07	China		BJ08-Z004-3
FJ607337	121/SHENZHEN/08/China/HFMD Fatal/2008		2008-05-XX	Human	2008-05	China		121/SHENZHEN/08/China/HFMDFatal/2008
FJ607338	605/SHENZHEN/08/China/HFMD Severe/2008		2008-05-XX	Human	2008-05	China		605/SHENZHEN/08/China/HFMDSevere/2008
GQ231936	TW/70902/08		20XX-XX-XX	Human	N/a	Taiwan		TW/70902/08
GQ231937	TW/71428/05		20XX-XX-XX	Human	N/a	Taiwan		TW/71428/05
GQ279369	SZ/HK08-5		2008-05-XX	Human	2008-05	China		SZ/HK08-5
GU434678	EV71-Hubei-09-China		20XX-XX-XX	Human	N/a	China		EV71-Hubei-09-China
HM002488	BJ366		2009-04-10	Human	2009-04-10	China		BJ366
MK904809	87-2008 Xi'an Shaanxi		2018-11-20	Human	2018-11-20	China		87-2008Xi'anShaanxi
HM622392	2008-07776		2008-XX-XX	Human	2008	Taiwan		2008-07776
HQ189392	HUN/1978		1978-XX-XX	Human	1978	Hungary		HUN/1978
HQ647172	EV063_04		1994-10-XX	Human	1994-10	Canada		EV063_04
HQ647176	EV049_07		2007-07-XX	Human	2007-07	Canada		EV049_07
HQ694986	MP10-2010		2010-09-19	Human	2010-09-19	China		MP10-2010
JF799986	Guangdong 2009		2009-XX-XX	Human	2009	China		Guangdong2009
JF894383	MP10-2		2011-03-10	Human	2011-03-10	China		MP10-2
JN256063	M186-1179F/HeN/CHN/2009		20XX-XX-XX	Human	N/a	China		M186-1179F/HeN/CHN/2009
JX111891	GD-DG2011-5		2011-04-27	Human	2011-04-27	China	C4	GD-DG2011-5
JX244184	SDLY48		2009-XX-XX	Human	2009	China		SDLY48
KU254595	BJ14-1		2014-07-09	Unknown	2014-07-09	China		BJ14-1
KU936121	SHAPHC5251/SH/CHN/14		2014-03-19	Human	2014-03-19	China	C4a	SHAPHC5251/SH/CHN/14
KX372314	SiICRC01/TH/2012		2012-08-17	Human	2012-08-17	Thailand		SiICRC01/TH/2012
KX372321	SiICRC10/TH/2012		2012-11-01	Human	2012-11-01	Thailand		SiICRC10/TH/2012
KX372323	SiICRC01/TH/2013		2013-02-26	Human	2013-02-26	Thailand		SiICRC01/TH/2013
KX588236	301		2008-08-03	Unknown	2008-08-03	China		301
KY952186	SiICRC 13/TH/2011		2011-08-10	Human	2011-08-10	Thailand	B5	SiICRC13/TH/2011
LC321989	31170098		2017-XX-XX	Human	2017	Japan		31170098
LR027528	07	COC238077	FRA16		N/a	Unknown		07
LR027542	STU562356	DEU03	20XX-XX-XX		Unknown			STU562356
LR027547	CF210042	FRA06	20XX-XX-XX		Unknown			CF210042
LR798440	EV-A71-C4-MAD-2017-7366		2017-XX-XX	Unknown	2017	Madagascar		EV-A71-C4-MAD-2017-7366
LT719063	MAD-3126-11		2011-XX-XX	Human	2011	Madagascar		MAD-3126-11
MF662677	R134/YN/CHN/2009		2009-04-06	Human	2009-04-06	China		R134/YN/CHN/2009
MF662683	R464/YN/CHN/2010		2010-06-11	Human	2010-06-11	China		R464/YN/CHN/2010
MF662684	R615/YN/CHN/2010		2010-06-28	Human	2010-06-28	China		R615/YN/CHN/2010
MF662689	R17/YN/CHN/2011		2011-06-14	Human	2011-06-14	China		R17/YN/CHN/2011
MF662697	K36/YN/CHN/2013		2013-10-15	Human	2013-10-15	China		K36/YN/CHN/2013
MG214681	30-2/2015/BJ		2015-04-XX	Human	2015-04	China		30-2/2015/BJ
MG367592	DK07-02		2007-02-XX	Human	2007-02	Denmark	C	DK07-02
MG756693	TW-50996-2015		2015-XX-XX	Human	2015	Taiwan		TW-50996-2015
MG756695	TW-00921-2015		2015-XX-XX	Human	2015	Taiwan		TW-00921-2015
MG756696	TW-00998-2005		2005-XX-XX	Human	2005	Taiwan		TW-00998-2005
MG756709	TW-70954-2008		2008-XX-XX	Human	2008	Taiwan		TW-70954-2008
MG756712	TW-72031-2008		2008-XX-XX	Human	2008	Taiwan		TW-72031-2008
MG756722	TW-71215-2011		2011-XX-XX	Human	2011	Taiwan		TW-71215-2011
MG756732	TW-01807-2012		2012-XX-XX	Human	2012	Taiwan		TW-01807-2012
MG756733	TW-01889-2012		2012-XX-XX	Human	2012	Taiwan		TW-01889-2012
MG756734	TW-01904-2012		2012-XX-XX	Human	2012	Taiwan		TW-01904-2012
MH111073	C068/CHW/AUS/2016		2016-08-14	Human	2016-08-14	Australia	A71	C068/CHW/AUS/2016
MH484067	5N		2016-XX-XX	Human	2016	Spain		5N
MH484068	6N		2016-XX-XX	Human	2016	Spain		6N
MH511181	100-p0		2017-08-10	Unknown	2017-08-10	China	C4	100-p0
MH716265	B5-8		2014-11-26	Human	2014-11-26	Viet Nam	B5	B5-8
MH716270	B5-13		2014-10-16	Human	2014-10-16	Viet Nam	B5	B5-13
MH716303	B5-46		2013-08-26	Human	2013-08-26	Viet Nam	B5	B5-46
MH716339	B5-82		2013-07-20	Human	2013-07-20	Viet Nam	B5	B5-82
MH716340	B5-83		2014-08-06	Human	2014-08-06	Viet Nam	B5	B5-83
MH716342	B5-85		2013-08-21	Human	2013-08-21	Viet Nam	B5	B5-85
MH716349	B5-92		2014-12-08	Human	2014-12-08	Viet Nam	B5	B5-92
MH716365	B5-108		2014-10-15	Human	2014-10-15	Viet Nam	B5	B5-108
MH716372	B5-115		2013-09-18	Human	2013-09-18	Viet Nam	B5	B5-115
MH716374	B5-117		2014-06-27	Human	2014-06-27	Viet Nam	B5	B5-117
MH716378	B5-121		2014-08-21	Human	2014-08-21	Viet Nam	B5	B5-121
MH716379	B5-122		2013-08-13	Human	2013-08-13	Viet Nam	B5	B5-122
MH716388	B5-131		2014-01-15	Human	2014-01-15	Viet Nam	B5	B5-131
MH716391	B5-134		2013-08-28	Human	2013-08-28	Viet Nam	B5	B5-134
MK652139	USA/2018-23092		2018-11-XX	Human	2018-11	USA		USA/2018-23092
MK697687	Sydney18		2013-04-XX	Human	2013-04	Australia		Sydney18
MN053435	SB6-297-2		2006-XX-XX	Human	2006	Malaysia	B5	SB6-297-2
AB204853	BrCr		20XX-XX-XX	Unknown	N/a		71	BrCr
AB575927	11316		1986-XX-XX	Unknown	1986	Netherlands		11316
DQ341365	PP37-MAL-01		20XX-XX-XX	Unknown	N/a	Malaysia		PP37-MAL-01
JN864020	EV71/Ningbo.CHN/069/2010		2010-XX-XX	Human	2010	China	C4	EV71/Ningbo.CHN/069/2010
JQ681218	H8-1		2008-XX-XX	Human	2008	China		H8-1
JX678881	HeN09-17/HeN/CHN/2009		2009-02-22	Human	2009-02-22	China	C4	HeN09-17/HeN/CHN/2009
KC436267	V06-2218645		2006-04-XX	Human	2006-04	Hong Kong		V06-2218645
KC436271	V09-2225777		2009-05-XX	Human	2009-05	Hong Kong		V09-2225777
KC954664	VR1432		2009-XX-XX	Human	2009	China	71	VR1432
KF974795	M654-TW12		2012-XX-XX	Human	2012	Taiwan		M654-TW12
KJ004555	EV71/Hun12-10/2012		2012-XX-XX	Human	2012	China	C4	EV71/Hun12-10/2012
KJ632497	wenzhou011		2011-XX-XX	Human	2011	China		wenzhou011
KJ686141	EV71/Homo sapiens/VNM/213/2011		2011-11-06	Human	2011-11-06	Viet Nam		EV71/Homosapiens/VNM/213/2011
KJ686151	EV71/Homo sapiens/VNM/153/2012		2012-05-31	Human	2012-05-31	Viet Nam		EV71/Homosapiens/VNM/153/2012
KJ686152	EV71/Homo sapiens/VNM/135/2012		2012-05-02	Human	2012-05-02	Viet Nam		EV71/Homosapiens/VNM/135/2012
KJ686160	EV71/Homo sapiens/VNM/46/2012		2012-01-13	Human	2012-01-13	Viet Nam		EV71/Homosapiens/VNM/46/2012
KJ686167	EV71/Homo sapiens/VNM/228/2011		2011-11-30	Human	2011-11-30	Viet Nam		EV71/Homosapiens/VNM/228/2011
KJ686169	EV71/Homo sapiens/VNM/8/2011		2011-10-07	Human	2011-10-07	Viet Nam		EV71/Homosapiens/VNM/8/2011
KJ686174	EV71/Homo sapiens/VNM/110/2012		2012-03-31	Human	2012-03-31	Viet Nam		EV71/Homosapiens/VNM/110/2012
KJ686193	EV71/Homo sapiens/VNM/184/2012		2012-12-21	Human	2012-12-21	Viet Nam		EV71/Homosapiens/VNM/184/2012
KJ686199	EV71/Homo sapiens/VNM/160/2012		2012-07-04	Human	2012-07-04	Viet Nam		EV71/Homosapiens/VNM/160/2012
KJ686200	EV71/Homo sapiens/VNM/241/2011		2011-12-05	Human	2011-12-05	Viet Nam		EV71/Homosapiens/VNM/241/2011
KJ686219	EV71/Homo sapiens/VNM/164/2012		2012-08-23	Human	2012-08-23	Viet Nam		EV71/Homosapiens/VNM/164/2012
KJ686228	EV71/Homo sapiens/VNM/31/2011		2011-11-26	Human	2011-11-26	Viet Nam		EV71/Homosapiens/VNM/31/2011
KJ686229	EV71/Homo sapiens/VNM/4/2011		2011-09-18	Human	2011-09-18	Viet Nam		EV71/Homosapiens/VNM/4/2011
KJ686231	EV71/Homo sapiens/VNM/210/2011		2011-10-31	Human	2011-10-31	Viet Nam		EV71/Homosapiens/VNM/210/2011
KJ686236	EV71/Homo sapiens/VNM/148/2012		2012-05-21	Human	2012-05-21	Viet Nam		EV71/Homosapiens/VNM/148/2012
KJ686238	EV71/Homo sapiens/VNM/7/2011		2011-09-29	Human	2011-09-29	Viet Nam		EV71/Homosapiens/VNM/7/2011
KJ686246	EV71/Homo sapiens/VNM/169/2012		2012-09-21	Human	2012-09-21	Viet Nam		EV71/Homosapiens/VNM/169/2012
KJ686250	EV71/Homo sapiens/VNM/173/2012		2012-10-30	Human	2012-10-30	Viet Nam		EV71/Homosapiens/VNM/173/2012
KJ686254	EV71/Homo sapiens/VNM/149/2012		2012-05-22	Human	2012-05-22	Viet Nam		EV71/Homosapiens/VNM/149/2012
KJ686258	EV71/Homo sapiens/VNM/42/2011		2011-12-29	Human	2011-12-29	Viet Nam		EV71/Homosapiens/VNM/42/2011
KJ686286	EV71/Homo sapiens/VNM/99/2012		2012-03-25	Human	2012-03-25	Viet Nam		EV71/Homosapiens/VNM/99/2012
KJ686287	EV71/Homo sapiens/VNM/155/2012		2012-06-06	Human	2012-06-06	Viet Nam		EV71/Homosapiens/VNM/155/2012
KJ686293	EV71/Homo sapiens/VNM/144/2012		2012-05-12	Human	2012-05-12	Viet Nam		EV71/Homosapiens/VNM/144/2012
KJ686301	EV71/Homo sapiens/VNM/12/2011		2011-10-11	Human	2011-10-11	Viet Nam		EV71/Homosapiens/VNM/12/2011
KJ686302	EV71/Homo sapiens/VNM/62/2012		2012-02-07	Human	2012-02-07	Viet Nam		EV71/Homosapiens/VNM/62/2012
KJ686308	EV71/Homo sapiens/VNM/191/2011		2011-10-04	Human	2011-10-04	Viet Nam		EV71/Homosapiens/VNM/191/2011
KJ746494	306B		2010-XX-XX	Human	2010	China		306B
KJ784495	HuzhouE371/2011/CHN		2011-04-20	Unknown	2011-04-20	China		HuzhouE371/2011/CHN
KM591215	wh029		2010-06-XX	Human	2010-06	China		wh029
KP289418	EV71/P1031/2013/China		2013-XX-XX	Human	2013	China		EV71/P1031/2013/China
KP289423	EV71/P222/2013/China		2013-XX-XX	Human	2013	China		EV71/P222/2013/China
KP289430	EV71/P868/2013/China		2013-XX-XX	Human	2013	China		EV71/P868/2013/China
KP289432	EV71/P990/2013/China		2013-XX-XX	Human	2013	China		EV71/P990/2013/China
KP308403	EV71/Homo sapiens/KHM/297/2012		2012-08-26	Human	2012-08-26	Cambodia		EV71/Homosapiens/KHM/297/2012
KP308406	EV71/Homo sapiens/KHM/397/2012		2012-08-31	Human	2012-08-31	Cambodia		EV71/Homosapiens/KHM/397/2012
KP308412	EV71/Homo sapiens/KHM/377/2012		2012-07-16	Human	2012-07-16	Cambodia		EV71/Homosapiens/KHM/377/2012
KP308414	EV71/Homo sapiens/KHM/277/2012		2012-07-30	Human	2012-07-30	Cambodia		EV71/Homosapiens/KHM/277/2012
KP308417	EV71/Homo sapiens/KHM/285/2012		2012-08-09	Human	2012-08-09	Cambodia		EV71/Homosapiens/KHM/285/2012
KP308422	EV71/Homo sapiens/KHM/362/2012		2012-07-16	Human	2012-07-16	Cambodia		EV71/Homosapiens/KHM/362/2012
KP308425	EV71/Homo sapiens/KHM/374/2012		2012-07-17	Human	2012-07-17	Cambodia		EV71/Homosapiens/KHM/374/2012
KP308426	EV71/Homo sapiens/KHM/319/2013		2013-09-23	Human	2013-09-23	Cambodia		EV71/Homosapiens/KHM/319/2013
KP308433	EV71/Homo sapiens/KHM/271/2012		2012-07-29	Human	2012-07-29	Cambodia		EV71/Homosapiens/KHM/271/2012
KP691662	02-1-005		2013-07-19	Unknown	2013-07-19	Viet Nam		02-1-005
KT428645	EV71/SZ07/CHN/2014		2014-04-XX	Human	2014-04	China		EV71/SZ07/CHN/2014
KT428646	EV71/SZ12/CHN/2014		2014-04-XX	Human	2014-04	China		EV71/SZ12/CHN/2014
KU159440	C4-ND-171_Vietnam:BinhDuong_2012-02-18		2012-02-18	Human	2012-02-18	Viet Nam	C4	C4-ND-171_Vietnam_BinhDuong_2012-02-18
KU159441	C4-ND-198_Vietnam:HoChiMinh_2012-03-21		2012-03-21	Human	2012-03-21	Viet Nam	C4	C4-ND-198_Vietnam_HoChiMinh_2012-03-21
KU574619	EV-A71/PMKA1300/THA/2011		2011-06-24	Human	2011-06-24	Thailand		EV-A71/PMKA1300/THA/2011
KX197462	SEP006		2012-06-23	Human	2012-06-23	Cambodia	C4a	SEP006
KX430820	EVA71/Homosapiens/VNM/13.2/2012		2012-XX-XX	Human	2012	Viet Nam	EV-A71	EVA71/Homosapiens/VNM/13.2/2012
LC626878	1888-Yamagata-2012		2012-XX-XX	Unknown	2012	Japan		1888-Yamagata-2012
LC626879	1859-Yamagata-2012		2012-XX-XX	Unknown	2012	Japan		1859-Yamagata-2012
LC626885	K404-Sendai-2003		2003-XX-XX	Human	2003	Japan		K404-Sendai-2003
LC626898	1138-Yamagata-2003		2003-XX-XX	Unknown	2003	Japan		1138-Yamagata-2003
LC627067	15NHP003		2015-XX-XX	Human	2015	Viet Nam		15NHP003
LC627080	16NHP400		2016-XX-XX	Human	2016	Viet Nam		16NHP400
LC627091	16NHP455		2016-XX-XX	Human	2016	Viet Nam		16NHP455
LK985324	subgenotype B5		20XX-XX-XX	Unknown	N/a	France		subgenotypeB5
MW655539	EVA71/KM18A/Kunming/CHN/2019		2019-09-XX	Human	2019-09	China	C4a	EVA71/KM18A/Kunming/CHN/2019
AB550340	KED005-org		20XX-XX-XX	Unknown	N/a	Malaysia		KED005-org
AB575911	10076		1966-XX-XX	Unknown	1966	Netherlands		10076
AB575913	11977		1971-XX-XX	Unknown	1971	Netherlands		11977
AB575928	11590		1986-XX-XX	Unknown	1986	Netherlands		11590
AM396587	UH1/PM/1997		20XX-XX-XX	Unknown	N/a	Malaysia		UH1/PM/1997
EU414332	ST-CH-06		20XX-XX-XX	Unknown	N/a	Switzerland		ST-CH-06
EU527983	2007-07364		2007-XX-XX	Unknown	2007	Taiwan		2007-07364
EU703814	EV71/Fuyang.Anhui.P.R.C/17.08/3		2008-04-XX	Human	2008-04	China		EV71/Fuyang.Anhui.P.R.C/17.08/3
EU753365	518-03F/SD/CHN/07		2007-05-18	Human	2007-05-18	China		518-03F/SD/CHN/07
EU753397	523-05T/SD/CHN/07		2007-05-23	Human	2007-05-23	China		523-05T/SD/CHN/07
FJ357373	S0584-TW04		2004-XX-XX	Human	2004	Taiwan		S0584-TW04
FJ357380	237-TW86		1986-XX-XX	Human	1986	Taiwan		237-TW86
FJ357385	M0380-TW08		2008-XX-XX	Human	2008	Taiwan		M0380-TW08
FJ461781	NUH0083/SIN/08		20XX-XX-XX	Unknown	N/a	Singapore	EV71	NUH0083/SIN/08
FJ606450	BJ08-Z025-5		2008-07-XX	Human	2008-07	China		BJ08-Z025-5
GQ231941	TW/96002/08		20XX-XX-XX	Human	N/a	Taiwan		TW/96002/08
GQ231942	TW/96016/08		20XX-XX-XX	Human	N/a	Taiwan		TW/96016/08
GQ994991	Chongqing3-09-China		2009-04-XX	Human	2009-04	China		Chongqing3-09-China
GU198368	C1/FY08-C30-P9		2008-05-XX	Human	2008-05	China		C1/FY08-C30-P9
GU198369	C1/FY08-C30-P11		2008-05-XX	Human	2008-05	China		C1/FY08-C30-P11
HM245928	EV71/Henan/399/2010		2010-XX-XX	Human	2010	China		EV71/Henan/399/2010
HM807310	cmuh-050530-5		2005-08-XX	Human	2005-08	Taiwan		cmuh-050530-5
HQ424433	124151		2010-02-04	Human	2010-02-04	Greece		124151
HQ647179	EV144_06		2006-09-XX	Human	2006-09	Canada		EV144_06
HQ647180	EV034_06		2006-07-XX	Human	2006-07	Canada		EV034_06
HQ694983	BZ200805		2008-05-08	Human	2008-05-08	China		BZ200805
HQ891923	Shanghai 27-2009		2009-XX-XX	Human	2009	China		Shanghai27-2009
HQ891924	Shanghai 28-2009		2009-XX-XX	Human	2009	China		Shanghai28-2009
JF738001	THA-EV71-019		2009-09-XX	Human	2009-09	Thailand		THA-EV71-019
JF894381	MP9-1		2011-03-05	Human	2011-03-05	China		MP9-1
JN256061	G398-1037F/HeN/CHN/2009		20XX-XX-XX	Human	N/a	China		G398-1037F/HeN/CHN/2009
JQ517316	Kaifeng/2010		2010-04-XX	Human	2010-04	China		Kaifeng/2010
JQ708210	TS		2009-06-03	Human	2009-06-03	China		TS
JQ806378	35/Jingdezhen/China/HFMD_Severe/2011		2011-03-XX	Human	2011-03	China	C4A	35/Jingdezhen/China/HFMD_Severe/2011
JX017384	01011Y		2011-XX-XX	Human	2011	China	EV71	01011Y
KT354868	N1745-TW08/VP1-K98E		2011-07-01	Human	2011-07-01	Taiwan		N1745-TW08/VP1-K98E
KT354869	N1745-TW08/VP1-K98E+E145Q		2011-07-01	Human	2011-07-01	Taiwan		N1745-TW08/VP1-K98E+E145Q
KT354874	N7008-TW99/VP1-Q145E		2011-07-01	Human	2011-07-01	Taiwan		N7008-TW99/VP1-Q145E
KU936123	SHAPHC5271/SH/CHN/14		2014-03-28	Human	2014-03-28	China	C4a	SHAPHC5271/SH/CHN/14
KX197463	SEP014_EV-A71		2012-06-28	Human	2012-06-28	Cambodia	C4a	SEP014_EV-A71
KX372317	SiICRC04/TH/2012		2012-07-26	Human	2012-07-26	Thailand		SiICRC04/TH/2012
KX372318	SiICRC05/TH/2012		2012-08-28	Human	2012-08-28	Thailand		SiICRC05/TH/2012
KX372319	SiICRC06/TH/2012		2012-09-12	Human	2012-09-12	Thailand		SiICRC06/TH/2012
KX372320	SiICRC09/TH/2012		2012-10-01	Human	2012-10-01	Thailand		SiICRC09/TH/2012
LC321992	31170151		2017-XX-XX	Human	2017	Japan		31170151
LC375766	2716-Yamagata-03		2003-XX-XX	Human	2003	Japan		2716-Yamagata-03
LC626881	N803-Sendai-2003		2003-XX-XX	Human	2003	Japan		N803-Sendai-2003
LC626894	2488-Yamagata-2006		2006-XX-XX	Human	2006	Japan		2488-Yamagata-2006
LC627074	15NHP128		2015-XX-XX	Human	2015	Viet Nam		15NHP128
LC627085	15NHP107		2015-XX-XX	Human	2015	Viet Nam		15NHP107
LC627089	16NHP436		2016-XX-XX	Human	2016	Viet Nam		16NHP436
LR027529	04	BAY180009	FRA16		N/a	Unknown		04
LR027535	17	VSV286035	FRA16		N/a	Unknown		17
LR027539	26	PMB501259	FRA17		N/a	Unknown		26
LT719067	CAE-LIT-CIP-041-08		2008-XX-XX	Human	2008	Cameroon		CAE-LIT-CIP-041-08
MF662678	R165/YN/CHN/2009		2009-07-14	Human	2009-07-14	China		R165/YN/CHN/2009
MF662690	R22/YN/CHN/2011		2011-06-19	Human	2011-06-19	China		R22/YN/CHN/2011
MF662693	RW14/YN/CHN/2012		2012-06-14	Human	2012-06-14	China		RW14/YN/CHN/2012
MF662699	K34/YN/CHN/2013		2013-10-12	Human	2013-10-12	China		K34/YN/CHN/2013
MF662700	K38/YN/CHN/2013		2013-10-15	Human	2013-10-15	China		K38/YN/CHN/2013
MF662701	R50/YN.CHN/2013		2013-10-27	Human	2013-10-27	China		R50/YN.CHN/2013
MG207963	6-4/XY/CHN/2017		2017-05-13	Human	2017-05-13	China		6-4/XY/CHN/2017
MG367601	DK16-08		2016-06-XX	Human	2016-06	Denmark	C	DK16-08
MG520666	EV71-NJ2017iso2		2017-XX-XX	Unknown	2017	China		EV71-NJ2017iso2
MG581490	EV71-NJ2017iso1		2017-XX-XX	Human	2017	China		EV71-NJ2017iso1
MG674288	B5-141-6-5-TW-11		20XX-XX-XX	Human	N/a	Taiwan	B5	B5-141-6-5-TW-11
MG756697	TW-01361-2005		2005-XX-XX	Human	2005	Taiwan		TW-01361-2005
MG756703	TW-70751-2005		2005-XX-XX	Human	2005	Taiwan		TW-70751-2005
MG756714	TW-72523-2008		2008-XX-XX	Human	2008	Taiwan		TW-72523-2008
MG756715	TW-01100-2010		2010-XX-XX	Human	2010	Taiwan		TW-01100-2010
MG756726	TW-00583-2012		2012-XX-XX	Human	2012	Taiwan		TW-00583-2012
MG756728	TW-01485-2012		2012-XX-XX	Human	2012	Taiwan		TW-01485-2012
MG756731	TW-01788-2012		2012-XX-XX	Human	2012	Taiwan		TW-01788-2012
MG756738	TW-02314-2012		2012-XX-XX	Human	2012	Taiwan		TW-02314-2012
MG756741	TW-03112-2012		2012-XX-XX	Human	2012	Taiwan		TW-03112-2012
MG756742	TW-50193-2012		2012-XX-XX	Human	2012	Taiwan		TW-50193-2012
MG756752	TW-51126-2012		2012-XX-XX	Human	2012	Taiwan		TW-51126-2012
MG756753	TW-51135-2012		2012-XX-XX	Human	2012	Taiwan		TW-51135-2012
MG756754	TW-50144-2013		2013-XX-XX	Human	2013	Taiwan		TW-50144-2013
MH484071	17F		2016-XX-XX	Human	2016	Spain		17F
MH511192	100-p36-T1		2017-08-10	Unknown	2017-08-10	China	C4	100-p36-T1
MH511202	101-p31-T3		2017-08-10	Unknown	2017-08-10	China	C4	101-p31-T3
MH716250	C4-3		2015-03-28	Human	2015-03-28	Viet Nam	C4	C4-3
MH716252	C4-5		2014-09-13	Human	2014-09-13	Viet Nam	C4	C4-5
MH716271	B5-14		2014-11-21	Human	2014-11-21	Viet Nam	B5	B5-14
MH716274	B5-17		2014-10-15	Human	2014-10-15	Viet Nam	B5	B5-17
MH716275	B5-18		2015-03-21	Human	2015-03-21	Viet Nam	B5	B5-18
MH716276	B5-19		2015-03-25	Human	2015-03-25	Viet Nam	B5	B5-19
MH716283	B5-26		2014-10-02	Human	2014-10-02	Viet Nam	B5	B5-26
MH716286	B5-29		2014-10-16	Human	2014-10-16	Viet Nam	B5	B5-29
MH716330	B5-73		2014-11-16	Human	2014-11-16	Viet Nam	B5	B5-73
MH716331	B5-74		2014-11-04	Human	2014-11-04	Viet Nam	B5	B5-74
MH716334	B5-77		2013-07-17	Human	2013-07-17	Viet Nam	B5	B5-77
MH716338	B5-81		2013-09-25	Human	2013-09-25	Viet Nam	B5	B5-81
MH716362	B5-105		2014-05-21	Human	2014-05-21	Viet Nam	B5	B5-105
MH716371	B5-114		2013-11-07	Human	2013-11-07	Viet Nam	B5	B5-114
MN966514	R59/YN/CHN/2016		2016-03-23	Human	2016-03-23	China	A71	R59/YN/CHN/2016
MT360988	F17		2008-XX-XX	Unknown	2008	Taiwan	B5	F17
MT360991	No.1		2008-XX-XX	Unknown	2008	Taiwan	B5	No.1
MT360998	No.40		2008-XX-XX	Unknown	2008	Taiwan	B5	No.40
MT708805	2019-EV-A71-R431		2019-XX-XX	Human	2019	China		2019-EV-A71-R431
DQ341359	S10862-SAR-98		20XX-XX-XX	Unknown	N/a	Malaysia		S10862-SAR-98
DQ341361	1M-AUS-12-00		20XX-XX-XX	Unknown	N/a	Australia		1M-AUS-12-00
JN864021	EV71/Ningbo.CHN/076/2009		2010-XX-XX	Human	2010	China	C4	EV71/Ningbo.CHN/076/2009
JX678878	FY17.08-7/AH/CHN/2008		2008-04-XX	Human	2008-04	China	C4	FY17.08-7/AH/CHN/2008
JX678879	FY17.08-8/AH/CHN/2008		2008-04-XX	Human	2008-04	China	C4	FY17.08-8/AH/CHN/2008
JX678880	HeN09-1/HeN/CHN/2009		2009-02-16	Human	2009-02-16	China	C4	HeN09-1/HeN/CHN/2009
JX986737	Wuhan1042/HuB/CHN/2011		2011-XX-XX	Human	2011	China	C4	Wuhan1042/HuB/CHN/2011
KC954662	Anhui2007		2007-XX-XX	Human	2007	China	71	Anhui2007
KC954663	GDV103		2008-XX-XX	Human	2008	China	71	GDV103
KF134486	A2011125		2011-XX-XX	Human	2011	Taiwan		A2011125
KF514879	TLLm		20XX-XX-XX	Unknown	N/a			TLLm
KF974779	M314-TW08		2008-XX-XX	Human	2008	Taiwan		M314-TW08
KF974793	M990-TW12		2012-XX-XX	Human	2012	Taiwan		M990-TW12
KF974798	M1577-TW12		2012-XX-XX	Human	2012	Taiwan		M1577-TW12
KJ004552	EV71/Hun11-32/2011		2011-XX-XX	Human	2011	China	C4	EV71/Hun11-32/2011
KJ004553	EV71/Hun11-4/2011		2011-XX-XX	Human	2011	China	C4	EV71/Hun11-4/2011
KJ004557	EV71/NX10-36/2010		2010-XX-XX	Human	2010	China	C4	EV71/NX10-36/2010
KJ400360	Rostov		2013-09-XX	Human	2013-09	Russia	C4	Rostov
KJ632498	wenzhou256		2011-XX-XX	Human	2011	China		wenzhou256
KJ686127	EV71/Homo sapiens/VNM/219/2011		2011-11-17	Human	2011-11-17	Viet Nam		EV71/Homosapiens/VNM/219/2011
KJ686137	EV71/Homo sapiens/VNM/133/2012		2012-04-25	Human	2012-04-25	Viet Nam		EV71/Homosapiens/VNM/133/2012
KJ686144	EV71/Homo sapiens/VNM/94/2012		2012-03-18	Human	2012-03-18	Viet Nam		EV71/Homosapiens/VNM/94/2012
KJ686163	EV71/Homo sapiens/VNM/136/2012		2012-05-02	Human	2012-05-02	Viet Nam		EV71/Homosapiens/VNM/136/2012
KJ686164	EV71/Homo sapiens/VNM/10/2011		2011-10-10	Human	2011-10-10	Viet Nam		EV71/Homosapiens/VNM/10/2011
KJ686171	EV71/Homo sapiens/VNM/29/2011		2011-11-14	Human	2011-11-14	Viet Nam		EV71/Homosapiens/VNM/29/2011
KJ686198	EV71/Homo sapiens/VNM/205/2011		2011-10-20	Human	2011-10-20	Viet Nam		EV71/Homosapiens/VNM/205/2011
KJ686206	EV71/Homo sapiens/VNM/51/2012		2012-01-19	Human	2012-01-19	Viet Nam		EV71/Homosapiens/VNM/51/2012
KJ686222	EV71/Homo sapiens/VNM/179/2012		2012-11-22	Human	2012-11-22	Viet Nam		EV71/Homosapiens/VNM/179/2012
KJ686224	EV71/Homo sapiens/VNM/154/2012		2012-06-06	Human	2012-06-06	Viet Nam		EV71/Homosapiens/VNM/154/2012
KJ686226	EV71/Homo sapiens/VNM/157/2012		2012-06-20	Human	2012-06-20	Viet Nam		EV71/Homosapiens/VNM/157/2012
KJ686241	EV71/Homo sapiens/VNM/107/2012		2012-03-29	Human	2012-03-29	Viet Nam		EV71/Homosapiens/VNM/107/2012
KJ686243	EV71/Homo sapiens/VNM/61/2012		2012-02-06	Human	2012-02-06	Viet Nam		EV71/Homosapiens/VNM/61/2012
KJ686249	EV71/Homo sapiens/VNM/166/2012		2012-09-08	Human	2012-09-08	Viet Nam		EV71/Homosapiens/VNM/166/2012
KJ686262	EV71/Homo sapiens/VNM/53/2012		2012-01-25	Human	2012-01-25	Viet Nam		EV71/Homosapiens/VNM/53/2012
KJ686263	EV71/Homo sapiens/VNM/131/2012		2012-04-25	Human	2012-04-25	Viet Nam		EV71/Homosapiens/VNM/131/2012
KJ686277	EV71/Homo sapiens/VNM/121/2012		2012-04-16	Human	2012-04-16	Viet Nam		EV71/Homosapiens/VNM/121/2012
KJ686288	EV71/Homo sapiens/VNM/38/2011		2011-12-18	Human	2011-12-18	Viet Nam		EV71/Homosapiens/VNM/38/2011
KJ686292	EV71/Homo sapiens/VNM/79/2012		2012-02-29	Human	2012-02-29	Viet Nam		EV71/Homosapiens/VNM/79/2012
KJ686307	EV71/Homo sapiens/VNM/215/2011		2011-11-10	Human	2011-11-10	Viet Nam		EV71/Homosapiens/VNM/215/2011
KP198623	Hubei-WH/CHN/2012		2012-05-26	Human	2012-05-26	China		Hubei-WH/CHN/2012
KP274876	Taipei/C2-Y100/2011		2011-03-05	Human	2011-03-05	Taiwan	C2	Taipei/C2-Y100/2011
KP274877	Taipei/B4-01/2011		2011-03-05	Human	2011-03-05	Taiwan	B4	Taipei/B4-01/2011
KP289420	EV71/P123/2013/China		2013-XX-XX	Human	2013	China		EV71/P123/2013/China
KP289425	EV71/P352/2013/China		2013-XX-XX	Human	2013	China		EV71/P352/2013/China
KP308402	EV71/Homo sapiens/KHM/310/2012		2012-11-13	Human	2012-11-13	Cambodia		EV71/Homosapiens/KHM/310/2012
KP308405	EV71/Homo sapiens/KHM/376/2012		2012-07-16	Human	2012-07-16	Cambodia		EV71/Homosapiens/KHM/376/2012
KP308409	EV71/Homo sapiens/KHM/353/2012		2012-07-14	Human	2012-07-14	Cambodia		EV71/Homosapiens/KHM/353/2012
KP308423	EV71/Homo sapiens/KHM/361/2012		2012-07-16	Human	2012-07-16	Cambodia		EV71/Homosapiens/KHM/361/2012
KP308424	EV71/Homo sapiens/KHM/388/2012		2012-07-19	Human	2012-07-19	Cambodia		EV71/Homosapiens/KHM/388/2012
KP308444	EV71/Homo sapiens/KHM/398/2012		2012-07-16	Human	2012-07-16	Cambodia		EV71/Homosapiens/KHM/398/2012
KP308447	EV71/Homo sapiens/KHM/349/2012		2012-07-16	Human	2012-07-16	Cambodia		EV71/Homosapiens/KHM/349/2012
KP308451	EV71/Homo sapiens/KHM/300/2012		2012-09-06	Human	2012-09-06	Cambodia		EV71/Homosapiens/KHM/300/2012
KP308452	EV71/Homo sapiens/KHM/393/2012		2012-07-24	Human	2012-07-24	Cambodia		EV71/Homosapiens/KHM/393/2012
KP308456	EV71/Homo sapiens/KHM/308/2012		2012-11-05	Human	2012-11-05	Cambodia		EV71/Homosapiens/KHM/308/2012
KP308458	EV71/Homo sapiens/KHM/316/2013		2013-02-25	Human	2013-02-25	Cambodia		EV71/Homosapiens/KHM/316/2013
KP691650	02-0-072		2013-11-04	Unknown	2013-11-04	Viet Nam		02-0-072
KP691651	02-1-042		2013-09-12	Unknown	2013-09-12	Viet Nam		02-1-042
KR045291	THA_A575		2012-07-18	Human	2012-07-18	Thailand	B5	THA_A575
KR045293	THA_A683		2012-07-24	Human	2012-07-24	Thailand	B5	THA_A683
KR045294	THA_A847		2012-08-07	Human	2012-08-07	Thailand	B5	THA_A847
KR045301	THA_A1564		2014-09-29	Human	2014-09-29	Thailand	B5	THA_A1564
KR045303	THA_A1219		2014-01-06	Human	2014-01-06	Thailand	C4	THA_A1219
KT008671	109/EV71/Wenzhou/CHN/2014		2014-06-02	Human	2014-06-02	China	C4a	109/EV71/Wenzhou/CHN/2014
KT008672	116/EV71/Wenzhou/CHN/2014		2014-06-02	Human	2014-06-02	China	C4a	116/EV71/Wenzhou/CHN/2014
KU159435	C4-ND-137_Vietnam:VungTau_2012-05-20		2012-05-20	Human	2012-05-20	Viet Nam	C4	C4-ND-137_Vietnam_VungTau_2012-05-20
KU641502	45849/BE/DE 2015		2015-07-XX	Human	2015-07	Germany	A71	45849/BE/DE2015
KU936122	SHAPHC5267/SH/CHN/14		2014-03-28	Human	2014-03-28	China	C4a	SHAPHC5267/SH/CHN/14
KU936128	SHAPHC5365/SH/CHN/14		2014-05-04	Human	2014-05-04	China	C4a	SHAPHC5365/SH/CHN/14
KX372309	Siriraj01/TH/08		2008-07-11	Human	2008-07-11	Thailand		Siriraj01/TH/08
KX372315	SiICRC02/TH/2012		2012-07-23	Human	2012-07-23	Thailand		SiICRC02/TH/2012
KX372332	SiICRC08/TH/2014		2014-08-20	Human	2014-08-20	Thailand		SiICRC08/TH/2014
KX752783	Jinan/SD/CHN/2015		2015-07-24	Human	2015-07-24	China		Jinan/SD/CHN/2015
KY582572	EV71-MZ		2015-04-01	Human	2015-04-01	China	C4	EV71-MZ
AB550339	75-Yamagata-LPS1		20XX-XX-XX	Unknown	N/a	Japan		75-Yamagata-LPS1
AB550341	KED005-LPS2		20XX-XX-XX	Unknown	N/a	Malaysia		KED005-LPS2
AF136379	NCKU9822		20XX-XX-XX	Unknown	N/a			NCKU9822
AJ586873	EV71/9/97/SHA89		20XX-XX-XX	Unknown	N/a	Malaysia		EV71/9/97/SHA89
AM396584	ENT/PM/SHA52		20XX-XX-XX	Unknown	N/a	Malaysia		ENT/PM/SHA52
AM396586	EV71/SAR/SHA66		20XX-XX-XX	Unknown	N/a	Malaysia		EV71/SAR/SHA66
DQ133458	984		2004-XX-XX	Unknown	2004	Taiwan		984
DQ133459	1235		2004-XX-XX	Unknown	2004	Taiwan		1235
EU753375	521-18S/SD/CHN/07		2007-05-21	Human	2007-05-21	China		521-18S/SD/CHN/07
FJ357377	S0296-TW00		2000-XX-XX	Human	2000	Taiwan		S0296-TW00
FJ357379	236-TW86		1986-XX-XX	Human	1986	Taiwan		236-TW86
FJ357384	266-TW86		1986-XX-XX	Human	1986	Taiwan		266-TW86
FJ607336	28/SHENZHEN/08/China/HFMD/2008		2008-05-XX	Human	2008-05	China		28/SHENZHEN/08/China/HFMD/2008
FJ828519	BJ08		2008-XX-XX	Human	2008	China	C4	BJ08
GQ231934	TW/70811/08		20XX-XX-XX	Human	N/a	Taiwan		TW/70811/08
GQ231935	TW/70886/08		20XX-XX-XX	Human	N/a	Taiwan		TW/70886/08
GQ231939	TW/71595/04		20XX-XX-XX	Human	N/a	Taiwan		TW/71595/04
GQ279370	SZ/HK08-6		2008-05-XX	Human	2008-05	China		SZ/HK08-6
GQ994988	Anhui1-09-China		2009-04-XX	Human	2009-04	China	C4	Anhui1-09-China
GU196833	Henan1-09-China		2009-04-XX	Human	2009-04	China		Henan1-09-China
GU198371	FY08-C30-P14		2008-05-XX	Human	2008-05	China		FY08-C30-P14
GU366191	Henan10-08-China		2008-04-XX	Human	2008-04	China		Henan10-08-China
HM002484	BJ67		2008-05-07	Human	2008-05-07	China		BJ67
HM002485	BJ97		2008-05-25	Human	2008-05-25	China		BJ97
HM622391	2008-00643		2008-XX-XX	Human	2008	Taiwan		2008-00643
HQ424435	127018		2010-04-27	Human	2010-04-27	Greece		127018
HQ647168	EV92_07		2007-08-XX	Human	2007-08	Canada		EV92_07
HQ647171	EV141_06		2006-08-XX	Human	2006-08	Canada		EV141_06
HQ694985	MZ2008		2008-05-05	Human	2008-05-05	China		MZ2008
HQ825317	EV71/JN200804		2008-07-XX	Human	2008-07	China		EV71/JN200804
JF820313	LCH02		2010-01-XX	Human	2010-01	China	C4	LCH02
JF820314	BJ02		2010-02-XX	Human	2010-02	China	C4	BJ02
JF820315	AH01		2010-03-XX	Human	2010-03	China		AH01
JN256060	G333-972F/HeN/CHN/2009		20XX-XX-XX	Human	N/a	China	C4a	G333-972F/HeN/CHN/2009
JN864018	EV71/Ningbo.CHN/001/2010		2010-XX-XX	Human	2010	China	C4	EV71/Ningbo.CHN/001/2010
JN964686	EV71/Xiamen/2009		2009-XX-XX	Human	2009	China		EV71/Xiamen/2009
JQ280307	3149		2008-XX-XX	Human	2008	Taiwan		3149
JQ742001	AFP2001064/EV71/GX/CHN/2001		2001-04-XX	Human	2001-04	China	71	AFP2001064/EV71/GX/CHN/2001
JQ742002	AFP2001071/EV71/GX/CHN/2001		2001-04-XX	Human	2001-04	China	71	AFP2001071/EV71/GX/CHN/2001
JX244182	SDLY1		2009-XX-XX	Human	2009	China		SDLY1
KC414134	JiLin-11-China		2011-08-15	Human	2011-08-15	China	71	JiLin-11-China
KF826491	TZ06		2012-03-26	Human	2012-03-26	China	C4	TZ06
KJ686253	EV71/Homo sapiens/VNM/159/2012		2012-06-29	Human	2012-06-29	Viet Nam		EV71/Homosapiens/VNM/159/2012
KT354866	N1745-TW08/VP1-D164E		2011-07-01	Human	2011-07-01	Taiwan		N1745-TW08/VP1-D164E
KX197455	HFM005		2012-07-08	Human	2012-07-08	Cambodia	C4a	HFM005
KY014078	617-19		2008-09-10	Human	2008-09-10	China		617-19
LC321991	31170112		2017-XX-XX	Human	2017	Japan		31170112
LC506516	2065-Yamagata-2004		2004-XX-XX	Human	2004	Japan		2065-Yamagata-2004
LC626875	N362-Sendai-2012		2012-XX-XX	Human	2012	Japan		N362-Sendai-2012
LC626888	K367-Sendai-2003		2003-XX-XX	Human	2003	Japan		K367-Sendai-2003
LC626896	1934-Yamagata-2003		2003-XX-XX	Unknown	2003	Japan		1934-Yamagata-2003
LC626897	114-Yamagata-2007		2007-XX-XX	Human	2007	Japan		114-Yamagata-2007
LC627071	15NHP088		2015-XX-XX	Human	2015	Viet Nam		15NHP088
LC627076	15NHP157		2015-XX-XX	Human	2015	Viet Nam		15NHP157
LC627083	16NHP456		2016-XX-XX	Human	2016	Viet Nam		16NHP456
LC627088	16NHP417		2016-XX-XX	Human	2016	Viet Nam		16NHP417
LR027525	10	COC259064	FRA16		N/a	Unknown		10
MF405075	EV71/SZ08/CHN/2013		2013-05-XX	Human	2013-05	China	C4	EV71/SZ08/CHN/2013
MG367600	DK16-06		2016-06-XX	Human	2016-06	Denmark	C	DK16-06
MG756702	TW-70521-2005		2005-XX-XX	Human	2005	Taiwan		TW-70521-2005
MG756710	TW-71379-2008		2008-XX-XX	Human	2008	Taiwan		TW-71379-2008
MG756718	TW-02182-2010		2010-XX-XX	Human	2010	Taiwan		TW-02182-2010
MG756720	TW-02659-2011		2011-XX-XX	Human	2011	Taiwan		TW-02659-2011
MG756724	TW-00073-2012		2012-XX-XX	Human	2012	Taiwan		TW-00073-2012
MG756729	TW-01414-2012		2012-XX-XX	Human	2012	Taiwan		TW-01414-2012
MG773123	Huainan201402		2014-XX-XX	Human	2014	China		Huainan201402
MH484069	11N		2016-XX-XX	Human	2016	Spain		11N
MH511184	100-p17-T2		2017-08-10	Unknown	2017-08-10	China	C4	100-p17-T2
MH511185	100-p17-T3		2017-08-10	Unknown	2017-08-10	China	C4	100-p17-T3
MH511193	100-p36-T2		2017-08-10	Unknown	2017-08-10	China	C4	100-p36-T2
MH716251	C4-4		2014-09-09	Human	2014-09-09	Viet Nam	C4	C4-4
MH716254	C4-7		2014-11-05	Human	2014-11-05	Viet Nam	C4	C4-7
MH716257	C4-10		2014-10-13	Human	2014-10-13	Viet Nam	C4	C4-10
MH716293	B5-36		2013-07-19	Human	2013-07-19	Viet Nam	B5	B5-36
MH716311	B5-54		2013-10-21	Human	2013-10-21	Viet Nam	B5	B5-54
MH716318	B5-61		2013-10-28	Human	2013-10-28	Viet Nam	B5	B5-61
MH716323	B5-66		2013-11-11	Human	2013-11-11	Viet Nam	B5	B5-66
MH716327	B5-70		2014-08-29	Human	2014-08-29	Viet Nam	B5	B5-70
MH716336	B5-79		2014-10-02	Human	2014-10-02	Viet Nam	B5	B5-79
MH716347	B5-90		2015-03-18	Human	2015-03-18	Viet Nam	B5	B5-90
MH716357	B5-100		2014-06-12	Human	2014-06-12	Viet Nam	B5	B5-100
MH716358	B5-101		2014-06-18	Human	2014-06-18	Viet Nam	B5	B5-101
MH716368	B5-111		2013-11-27	Human	2013-11-27	Viet Nam	B5	B5-111
MH716384	B5-127		2014-03-18	Human	2014-03-18	Viet Nam	B5	B5-127
MH716392	B5-135		2013-10-15	Human	2013-10-15	Viet Nam	B5	B5-135
MK697678	Sydney60		2013-05-XX	Human	2013-05	Australia		Sydney60
MK697685	Sydney30		2013-03-XX	Human	2013-03	Australia		Sydney30
MK697690	Sydney14		2013-04-XX	Human	2013-04	Australia		Sydney14
MK697691	Sydney11		2013-05-XX	Human	2013-05	Australia		Sydney11
MN053431	6-1500-4		2006-XX-XX	Human	2006	Malaysia	B5	6-1500-4
MN629889	CMC718		2012-08-XX	Human	2012-08	South Korea		CMC718
MT081373	USA/2018-23296		2018-XX-XX	Human	2018	USA		USA/2018-23296
MT241236	TLLbeta-P20		2011-XX-XX	Unknown	2011	Singapore		TLLbeta-P20
MT241237	eTLLbeta-P20		2013-XX-XX	Unknown	2013	Singapore		eTLLbeta-P20
MT360990	F23		2008-XX-XX	Unknown	2008	Taiwan	B5	F23
MW655540	EVA71/KM18B/Kunming/CHN/2019		2019-09-XX	Human	2019-09	China	C4a	EVA71/KM18B/Kunming/CHN/2019
DQ341360	J115-MAL-01		20XX-XX-XX	Unknown	N/a	Malaysia		J115-MAL-01
JN864023	EV71/Ningbo.CHN/103/2009		2010-XX-XX	Human	2010	China	C4	EV71/Ningbo.CHN/103/2009
JX986739	Wuhan1143/HuB/CHN/2011		2011-XX-XX	Human	2011	China	C4	Wuhan1143/HuB/CHN/2011
KF974781	M665-TW08		2008-XX-XX	Human	2008	Taiwan		M665-TW08
KF974788	M1656-TW08		2008-XX-XX	Human	2008	Taiwan		M1656-TW08
KF982854	DL71		2012-10-18	Human	2012-10-18	China		DL71
KJ004558	EV71/GD10-7/2010		2010-XX-XX	Human	2010	China	C4	EV71/GD10-7/2010
KJ686136	EV71/Homo sapiens/VNM/235/2011		2011-12-04	Human	2011-12-04	Viet Nam		EV71/Homosapiens/VNM/235/2011
KJ686140	EV71/Homo sapiens/VNM/180/2012		2012-11-23	Human	2012-11-23	Viet Nam		EV71/Homosapiens/VNM/180/2012
KJ686156	EV71/Homo sapiens/VNM/111/2012		2012-03-31	Human	2012-03-31	Viet Nam		EV71/Homosapiens/VNM/111/2012
KJ686158	EV71/Homo sapiens/VNM/13/2011		2011-10-11	Human	2011-10-11	Viet Nam		EV71/Homosapiens/VNM/13/2011
KJ686172	EV71/Homo sapiens/VNM/247/2011		2011-12-14	Human	2011-12-14	Viet Nam		EV71/Homosapiens/VNM/247/2011
KJ686181	EV71/Homo sapiens/VNM/101/2012		2012-03-27	Human	2012-03-27	Viet Nam		EV71/Homosapiens/VNM/101/2012
KJ686183	EV71/Homo sapiens/VNM/6/2011		2011-09-26	Human	2011-09-26	Viet Nam		EV71/Homosapiens/VNM/6/2011
KJ686188	EV71/Homo sapiens/VNM/32/2011		2011-11-27	Human	2011-11-27	Viet Nam		EV71/Homosapiens/VNM/32/2011
KJ686195	EV71/Homo sapiens/VNM/103/2012		2012-03-27	Human	2012-03-27	Viet Nam		EV71/Homosapiens/VNM/103/2012
KJ686205	EV71/Homo sapiens/VNM/114/2012		2012-04-07	Human	2012-04-07	Viet Nam		EV71/Homosapiens/VNM/114/2012
KJ686211	EV71/Homo sapiens/VNM/174/2012		2012-11-02	Human	2012-11-02	Viet Nam		EV71/Homosapiens/VNM/174/2012
KJ686213	EV71/Homo sapiens/VNM/66/2012		2012-02-14	Human	2012-02-14	Viet Nam		EV71/Homosapiens/VNM/66/2012
KJ686215	EV71/Homo sapiens/VNM/221/2011		2011-11-22	Human	2011-11-22	Viet Nam		EV71/Homosapiens/VNM/221/2011
KJ686230	EV71/Homo sapiens/VNM/195/2011		2011-10-07	Human	2011-10-07	Viet Nam		EV71/Homosapiens/VNM/195/2011
KJ686260	EV71/Homo sapiens/VNM/36/2011		2011-12-16	Human	2011-12-16	Viet Nam		EV71/Homosapiens/VNM/36/2011
KJ686264	EV71/Homo sapiens/VNM/177/2012		2012-11-07	Human	2012-11-07	Viet Nam		EV71/Homosapiens/VNM/177/2012
KJ686272	EV71/Homo sapiens/VNM/242/2011		2011-12-06	Human	2011-12-06	Viet Nam		EV71/Homosapiens/VNM/242/2011
KJ686273	EV71/Homo sapiens/VNM/243/2011		2011-12-07	Human	2011-12-07	Viet Nam		EV71/Homosapiens/VNM/243/2011
KJ686274	EV71/Homo sapiens/VNM/49/2012		2012-01-17	Human	2012-01-17	Viet Nam		EV71/Homosapiens/VNM/49/2012
KJ686279	EV71/Homo sapiens/VNM/246/2011		2011-12-13	Human	2011-12-13	Viet Nam		EV71/Homosapiens/VNM/246/2011
KJ686289	EV71/Homo sapiens/VNM/134/2012		2012-04-25	Human	2012-04-25	Viet Nam		EV71/Homosapiens/VNM/134/2012
KJ686303	EV71/Homo sapiens/VNM/34/2011		2011-12-08	Human	2011-12-08	Viet Nam		EV71/Homosapiens/VNM/34/2011
KJ686304	EV71/Homo sapiens/VNM/216/2011		2011-11-12	Human	2011-11-12	Viet Nam		EV71/Homosapiens/VNM/216/2011
KM508794	TLLcho		20XX-XX-XX	Unknown	N/a			TLLcho
KP274874	Taipei/C4-Y100-P4/2011		2011-03-05	Human	2011-03-05	Taiwan		Taipei/C4-Y100-P4/2011
KP289422	EV71/P16/2013/China		2013-XX-XX	Human	2013	China		EV71/P16/2013/China
KP289426	EV71/P40/2013/China		2013-XX-XX	Human	2013	China		EV71/P40/2013/China
KP289427	EV71/P454/2013/China		2013-XX-XX	Human	2013	China		EV71/P454/2013/China
KP308411	EV71/Homo sapiens/KHM/351/2012		2012-07-14	Human	2012-07-14	Cambodia		EV71/Homosapiens/KHM/351/2012
KP308415	EV71/Homo sapiens/KHM/269/2012		2012-07-28	Human	2012-07-28	Cambodia		EV71/Homosapiens/KHM/269/2012
KP308419	EV71/Homo sapiens/KHM/352/2012		2012-07-14	Human	2012-07-14	Cambodia		EV71/Homosapiens/KHM/352/2012
KP308432	EV71/Homo sapiens/KHM/272/2012		2012-07-29	Human	2012-07-29	Cambodia		EV71/Homosapiens/KHM/272/2012
KP308440	EV71/Homo sapiens/KHM/375/2012		2012-07-16	Human	2012-07-16	Cambodia		EV71/Homosapiens/KHM/375/2012
KP308454	EV71/Homo sapiens/KHM/371/2012		2012-07-14	Human	2012-07-14	Cambodia		EV71/Homosapiens/KHM/371/2012
KP308457	EV71/Homo sapiens/KHM/382/2012		2012-06-17	Human	2012-06-17	Cambodia		EV71/Homosapiens/KHM/382/2012
KP691644	03-0-002		2013-11-06	Unknown	2013-11-06	Viet Nam		03-0-002
KP691653	02-0-035		2013-09-11	Unknown	2013-09-11	Viet Nam		02-0-035
KP691656	02-0-068		2013-10-28	Unknown	2013-10-28	Viet Nam		02-0-068
KP691660	02-1-067		2013-10-28	Unknown	2013-10-28	Viet Nam		02-1-067
KP691663	02-0-049		2013-09-25	Unknown	2013-09-25	Viet Nam		02-0-049
KT345960	15/EV71/Wenzhou/CHN/2014		2014-06-02	Human	2014-06-02	China	C4a	15/EV71/Wenzhou/CHN/2014
KU641501	37507/TH/DE 2015		2015-08-XX	Human	2015-08	Germany	A71	37507/TH/DE2015
KX372324	SiICRC02/TH/2013		2013-01-07	Human	2013-01-07	Thailand		SiICRC02/TH/2013
KX372325	SilCRC03/TH/2013		2013-08-15	Human	2013-08-15	Thailand		SilCRC03/TH/2013
KX372328	SiICRC01/TH/2014		2014-01-10	Human	2014-01-10	Thailand		SiICRC01/TH/2014
KY014079	617-20		2008-09-10	Human	2008-09-10	China		617-20
KY014080	839		2008-11-17	Human	2008-11-17	China		839
KY315729	SD004R/Shandong/China/2015		2015-07-20	Human	2015-07-20	China	A71	SD004R/Shandong/China/2015
KY425527	CSF15/YN/CHN/2013		2013-05-11	Human	2013-05-11	China		CSF15/YN/CHN/2013
KY888025	USA/2016/19519		2016-XX-XX	Human	2016	USA		USA/2016/19519
MF973167	7D3		20XX-XX-XX	Human	N/a	USA		7D3
MG367598	DK16-04		2016-05-XX	Human	2016-05	Denmark	C	DK16-04
MG672478	NER-13-194		20XX-XX-XX	Unknown	N/a	Niger	A71	NER-13-194
MG976581	USA/AK/2016-19516		2016-XX-XX	Human	2016	USA		USA/AK/2016-19516
MG976582	Taiwan/1998-20998		1998-XX-XX	Human	1998	Taiwan		Taiwan/1998-20998
HQ424437	128135		2010-06-08	Human	2010-06-08	Greece		128135
LC506513	N772-Sendai-2006		2006-XX-XX	Human	2006	Japan		N772-Sendai-2006
LC506514	Y90-3896		1990-XX-XX	Human	1990	Japan		Y90-3896
LR027524	09	PMB250102	FRA16		N/a	Unknown		09
LR027536	15	VSV286032	FRA16		N/a	Unknown		15
LT719064	MAD-7842-10		2010-XX-XX	Human	2010	Madagascar		MAD-7842-10
MF662691	R6/YN/CHN/2011		2011-06-07	Human	2011-06-07	China		R6/YN/CHN/2011
MG756692	TW-02392-2016		2016-XX-XX	Human	2016	Taiwan		TW-02392-2016
MG756694	TW-51031-2015		2015-XX-XX	Human	2015	Taiwan		TW-51031-2015
MG756700	TW-02876-2005		2005-XX-XX	Human	2005	Taiwan		TW-02876-2005
MG756705	TW-72043-2007		2007-XX-XX	Human	2007	Taiwan		TW-72043-2007
MG756707	TW-02722-2008		2008-XX-XX	Human	2008	Taiwan		TW-02722-2008
MG756716	TW-01387-2010		2010-XX-XX	Human	2010	Taiwan		TW-01387-2010
MG756739	TW-02369-2012		2012-XX-XX	Human	2012	Taiwan		TW-02369-2012
MG756750	TW-51010-2012		2012-XX-XX	Human	2012	Taiwan		TW-51010-2012
MH511188	100-p31-T3		2017-08-10	Unknown	2017-08-10	China	C4	100-p31-T3
MH511197	101-p17-T1		2017-08-10	Unknown	2017-08-10	China	C4	101-p17-T1
MH511199	101-p17-T3		2017-08-10	Unknown	2017-08-10	China	C4	101-p17-T3
MH511205	101-p35-T3		2017-08-10	Unknown	2017-08-10	China	C4	101-p35-T3
MH511208	101-p36-T3		2017-08-10	Unknown	2017-08-10	China	C4	101-p36-T3
MH716267	B5-10		2014-11-30	Human	2014-11-30	Viet Nam	B5	B5-10
MH716282	B5-25		2014-04-10	Human	2014-04-10	Viet Nam	B5	B5-25
MH716287	B5-30		2014-11-21	Human	2014-11-21	Viet Nam	B5	B5-30
MH716294	B5-37		2013-11-06	Human	2013-11-06	Viet Nam	B5	B5-37
MH716296	B5-39		2013-11-13	Human	2013-11-13	Viet Nam	B5	B5-39
MH716304	B5-47		2014-11-03	Human	2014-11-03	Viet Nam	B5	B5-47
MH716306	B5-49		2015-03-18	Human	2015-03-18	Viet Nam	B5	B5-49
MH716317	B5-60		2014-04-15	Human	2014-04-15	Viet Nam	B5	B5-60
MH716321	B5-64		2014-10-29	Human	2014-10-29	Viet Nam	B5	B5-64
MH716324	B5-67		2014-07-17	Human	2014-07-17	Viet Nam	B5	B5-67
MH716344	B5-87		2013-08-05	Human	2013-08-05	Viet Nam	B5	B5-87
MH716355	B5-98		2014-07-28	Human	2014-07-28	Viet Nam	B5	B5-98
MH716360	B5-103		2014-12-04	Human	2014-12-04	Viet Nam	B5	B5-103
MH716361	B5-104		2014-09-10	Human	2014-09-10	Viet Nam	B5	B5-104
MH716370	B5-113		2014-04-08	Human	2014-04-08	Viet Nam	B5	B5-113
MH716375	B5-118		2014-11-04	Human	2014-11-04	Viet Nam	B5	B5-118
MH716377	B5-120		2014-11-27	Human	2014-11-27	Viet Nam	B5	B5-120
MH716380	B5-123		2014-03-14	Human	2014-03-14	Viet Nam	B5	B5-123
MH716381	B5-124		2013-10-06	Human	2013-10-06	Viet Nam	B5	B5-124
MH716389	B5-132		2013-10-16	Human	2013-10-16	Viet Nam	B5	B5-132
MH716393	B5-136		2013-08-19	Human	2013-08-19	Viet Nam	B5	B5-136
MK028135	RA330/YN/CHN/2009		2009-04-06	Human	2009-04-06	China		RA330/YN/CHN/2009
MK697679	Sydney57		2013-04-XX	Human	2013-04	Australia		Sydney57
MK697680	Sydney56		2013-04-XX	Human	2013-04	Australia		Sydney56
MK697694	Sydney03		2013-05-XX	Human	2013-05	Australia		Sydney03
MN053430	SB6-1048-2		2006-XX-XX	Human	2006	Malaysia	B5	SB6-1048-2
MN053433	SB6-1004-3		2006-XX-XX	Human	2006	Malaysia	B5	SB6-1004-3
MN749161	10S5		2013-XX-XX	Human	2013	USA		10S5
MN966518	413-C2/YN/CHN/2016		2016-07-01	Human	2016-07-01	China	A71	413-C2/YN/CHN/2016
MT360984	F1		2008-XX-XX	Unknown	2008	Taiwan	B5	F1
MT360996	No.23		2008-XX-XX	Unknown	2008	Taiwan	B5	No.23
